exercise_id,name,disposition,is_movement,family,modality,equipment,load_position,stance,range_depth,symmetry,grip_orientation,grip_width,bench_angle,identity_styles,modifier_note,goals,primary_muscles,secondary_muscles,generated_name_preview,name_action,confidence,note,variant_label,new_attributes
8a2b76ff-8f3f-4bf3-83e8-15e9c0263c66,2 Tap Climbers,derives:Mountain Climber,false,Midline,Gymnastics,Bodyweight;Floor,,,,,,,,,,Strength,Core,Hip Flexors;Shoulders,Double-Tap Mountain Climber,keep-custom,medium,mountain-climber accessory; no Mountain Climber base row exists,double-tap,variant:double-tap
00b1670c-b022-44d1-9587-31655583cdc6,90/90s,outlier,false,Mobility,Recovery,Floor,,,,,,,,,,Mobility,Glutes;Hip Flexors,Hip Abductors;Hip Adductors,,keep-custom,high,recovery/mobility,,
24a81876-d389-4ba9-a35a-87bb7ac70fbd,Ab Rollout,outlier,false,Midline,Weightlifting,Bodyweight,,,,,,,,,,Strength,Core,Lats;Shoulders,,keep-custom,high,midline accessory,,
8c35133e-f9c9-4b6c-8a25-fb894bcf4201,Advanced Crunch,derives:Crunch,false,Midline,Gymnastics,Bodyweight;Floor,,,,,,,,,,MetCon,Core,Hip Flexors,Advanced Crunch,adopt-generated,high,"FLAG: low-information import name, probable duplicate-of Crunch - confirm with user before the apply migration",advanced,variant:advanced
87269f06-8ae1-4320-b581-6084daf46ac6,Air Squat,duplicate-of:Squat,false,Squat,Monostructural,Bodyweight,,,,,,,,,,MetCon,Glutes;Quads,Calves;Core;Hamstrings,,keep-custom,high,merges into core Squat; name -> wild alias,,
9f6fabc9-1edb-4f68-bb95-25cbc62e24d2,"Air Squat, Reverse Lunge, And Burpee Complex",outlier,false,Squat,Gymnastics,Bodyweight,,,,,,,,,,MetCon,Full Body,Chest;Core;Glutes;Quads,,keep-custom,high,ad-hoc complex,,
72b6914d-98c7-4f2e-a642-40b28b240608,Alternating Cossack Squat To Halo,outlier,false,Squat,Weightlifting,Kettlebell,,,,,,,,,,Strength,Hip Adductors;Quads;Shoulders,Core;Glutes;Obliques,,keep-custom,high,ad-hoc combo,,
95550834-e6de-4d4e-8499-a74dd2922c2f,Alternating Dumbbell Curl,derives:Curl,false,Pull,Weightlifting,Dumbbell,,,,Alternating,,,,,,Strength,Biceps,Forearms / Grip,Alternating Dumbbell Curl,adopt-generated,high,Dumbbell + Alternating symmetry,,
7edf591c-d068-4139-bc1f-f0151a0489e6,Alternating Dumbbell Flys,derives:Chest Fly,false,Push/Press,Weightlifting,Dumbbell;Bench,,,,Alternating,,,,,,Strength,Chest,Shoulders,Alternating Chest Fly,adopt-generated,high,Alternating symmetry; Dumbbell;Bench suppressed as core defaults,,
75cf65f4-8e6a-444d-8166-080699972de4,Alternating Dumbbell Press,derives:Press,false,Push/Press,Weightlifting,Dumbbell,,,,Alternating,,,,,,Strength,Chest,Shoulders;Triceps,Alternating Dumbbell Press,adopt-generated,high,Dumbbell + Alternating symmetry,,
98ca656f-c6d2-497e-b734-84e4ce38fa8f,Alternating Front Extension,derives:Raise,false,Push/Press,Weightlifting,Dumbbell,,,,Alternating,,,,,,Strength,Triceps,,Front Alternating Raise,keep-custom,low,FLAG still ambiguous (no description): read as an alternating front raise. Confirm with user; if it is a triceps press-out it moves to Press with style Crush,,direction:Front
402b0f81-7d42-4705-8bc3-c5ea3df15026,Alternating Gorilla Rows,derives:Bent-Over Row,false,Pull,Weightlifting,Kettlebell,,,,Alternating,,,,,,Strength,Lats;Upper Back,Biceps;Core;Forearms / Grip,Alternating Kettlebell Bent-Over Row,rename-to:Alternating Gorilla Row,medium,gorilla (bells-on-floor) stance not expressible; name singularized,,
7da78ee8-5cb1-469d-ab41-6259bf202a8e,Alternating Gunslinger Cleans,derives:Clean,false,Olympic,Weightlifting,Kettlebell,Suitcase,,,Alternating,,,,,,Strength,Glutes;Shoulders,Core;Forearms / Grip;Hamstrings;Quads,Alternating Kettlebell Suitcase Clean,keep-custom,low,gunslinger = suitcase-position KB clean; dialect name kept pending user call,,
e6d7e93a-20ad-4250-83ef-c6c07e702653,Alternating Kickstand Swing,derives:Swing,false,Swing,Weightlifting,Kettlebell,,Staggered,,Alternating,,,,,,MetCon,Glutes;Hamstrings,Core;Forearms / Grip;Lower Back,Staggered Alternating Swing,keep-custom,medium,Staggered stance + Alternating,,
f0b6fe29-c3b0-4c1e-a7f2-7ed11a013056,Alternating Lunge ,derives:Lunge,false,Lunge,Gymnastics,Bodyweight,,,,Alternating,,,,,,Strength,Glutes;Hamstrings;Quads,Calves;Core;Hip Flexors,Alternating Lunge,adopt-generated,high,adopting generated name trims trailing space; child re-parented to core,,
7f9583a4-9c4f-4680-a45c-04822718737f,Alternating Reverse Lunges,derives:Lunge,false,Lunge,Gymnastics,Bodyweight,,,,Alternating,,,,,,Strength,Glutes;Quads,Calves;Core;Hamstrings,Reverse Alternating Lunge,rename-to:Alternating Reverse Lunge,medium,RESOLVED COLLISION: Direction Reverse replaces the collision with Alternating Lunge,,direction:Reverse
e33b16d7-94a3-4993-b208-37bad81577cd,Alternating Single-Dumbbell Lunge,derives:Lunge,false,Lunge,Gymnastics,Dumbbell,Suitcase,,,Alternating,,,,,,Strength,Glutes;Hamstrings;Quads,Calves;Core;Forearms / Grip;Hip Flexors;Lower Back,Alternating Dumbbell Suitcase Lunge,keep-custom,high,DB + Alternating; re-parent from Alternating Lunge to core,,
4981bd90-d1c2-4251-a296-d5fa565ec09b,Around The Worlds,core:Around the World,false,Rotation,Gymnastics,,,,,,,,,,,Strength,Core;Obliques,Shoulders,Around the World,rename-to:Around the World,high,PROMOTED CORE,,core_default_equipment:Bodyweight
2fc183f8-e1a0-4a1e-ac1c-be4bf2871366,Back Squat ,derives:Squat,true,Squat,Gymnastics,Barbell,Back,,,,,,,,,Strength,Glutes;Hamstrings;Quads,Core;Lower Back;Upper Back,Back Squat,adopt-generated,high,Back load implies Barbell (suppressed); adopting generated name fixes the trailing space,,
fbc40045-4a5a-4b78-a3da-77f59e94def5,Balanced Knee Tucks,derives:Leg Raise,false,Midline,Gymnastics,Bodyweight;Floor,,,Partial,,,,,,,Strength,Core,Hip Flexors,Partial Leg Raise,keep-custom,high,knee tuck = partial-range leg raise,,
9194464a-7fbe-4c0a-aba8-e95d202cbcf9,Ballistic Row,derives:Bent-Over Row,false,Pull,Weightlifting,Kettlebell,,,,,,,,Plyometric,,Strength,Lats;Upper Back,Biceps;Core;Forearms / Grip,Plyo Kettlebell Bent-Over Row,keep-custom,low,explosive KB row; Plyo style; may be outlier,,
2e76626e-5a55-4c02-b52c-0745fa4a1ec2,Band Lateral Walk,outlier,true,Activation,Recovery,Bands;Floor,,,,,,,,,,Mobility,Glutes;Hip Abductors,Core;Hip Flexors;Quads,,keep-custom,high,activation station; un-parent from Lunge (misfile); current Offset/Athletic/Partial seed values drop,,
dfd043b7-df25-450c-bba9-d67f45e26db9,Bar Muscle-Up,derives:Muscle-Up,true,Ring/Bar,Gymnastics,Bar,,,,,,,,,,Skill,Lats;Triceps;Upper Back,Biceps;Core;Forearms / Grip;Shoulders,Bar Muscle-Up,adopt-generated,high,equipment Bar (Rings is the default),,
5d7a7bde-c085-403a-8eb4-79d3aafa4d53,Bar Push-Up,derives:Push-Up,false,Push/Press,Gymnastics,Barbell,,,,,,,,,,Strength,Chest;Triceps,Core;Shoulders,Barbell Push-Up,adopt-generated,medium,hands on barbell; adopt 'Barbell Push-Up',,
220c6ac2-8878-4080-9e3d-d9368cf1e6ff,Barbell Bench Press (Medium Grip),duplicate-of:Bench Press,false,Push/Press,Weightlifting,Barbell;Bench,,,,,,,,,,Strength,Chest;Shoulders;Triceps,,,keep-custom,high,merges into core Bench Press,,
01f01e3a-393d-4819-8834-cf25ea1ba04a,Barbell Curl,core:Curl,false,Pull,Weightlifting,,,,,,,,,,,Strength,Biceps,,Curl,rename-to:Curl,high,"NEW CORE (corrected principle): derivation root for the 17-row curl cluster; Barbell is its silent default equipment (mirrors Bench Press); accessory core so is_movement stays false; core carries no equipment (new convention); default ""Barbell"" is name-suppression only, not identity",,core_default_equipment:Barbell
61ea1015-5200-40ea-8ead-83effcd50cc6,Barbell Deadlift,duplicate-of:Deadlift,false,Hinge,Weightlifting,Barbell,,,,,,,,,,Strength,Forearms / Grip;Glutes;Hamstrings;Lower Back,,,keep-custom,high,merges into core Deadlift,,
02f06475-07ec-4b9b-85cf-dd3840810816,Barbell Incline Bench Press (Medium-Grip),derives:Bench Press,false,Push/Press,Weightlifting,Barbell;Bench,,,,,,,Incline,,,Strength,Chest;Shoulders;Triceps,,Incline Bench Press,adopt-generated,high,Bench Angle addendum resolves this; generated 'Incline Bench Press',,
e1416c31-a647-4a0d-845b-aea974cef547,Barbell Row,duplicate-of:Bent-Over Row,false,Pull,Weightlifting,Barbell,,,,,,,,,,Strength,Biceps;Upper Back,,,keep-custom,high,DELTA from Gate A: merges into new core Bent-Over Row (its canonical barbell form),,
ce983988-cf48-41df-a1c3-e2b2155ea8d1,Barbell Shrug,outlier,false,Pull,Weightlifting,Barbell,,,,,,,,,,Strength,Forearms / Grip;Neck / Traps;Upper Back,,,keep-custom,high,"trap isolation; Shrug core REJECTED - it is the only shrug row in the catalog, no sibling to derive",,
4975ca4a-1dcd-40e9-9c74-0e8529a90c0e,Barbell Squat,duplicate-of:Back Squat,false,Squat,Weightlifting,Barbell,Back,,,,,,,,,Strength,Glutes;Hamstrings;Quads,,,keep-custom,high,merges into Back Squat; name -> wild alias,,
81b5afdb-461c-4563-8b0c-a9cdeb2bb124,Bench Press,core:Bench Press,true,Push/Press,Weightlifting,,,,,,,,,,,Strength,Chest;Shoulders;Triceps,,Bench Press,keep-custom,high,"promoted core; Barbell+Bench are its silent default equipment (mirrors load-position implication); core carries no equipment (new convention); default ""Barbell;Bench"" is name-suppression only, not identity",,"core_default_equipment:Barbell,Bench"
71bf3a1d-b380-409d-ab64-d6f54b5d2013,Bent Over Barbell Row,duplicate-of:Bent-Over Row,false,Pull,Weightlifting,Barbell,,,,,,,,,,Strength,Biceps;Lats;Upper Back,,,keep-custom,high,DELTA: merges into core Bent-Over Row,,
2aece0cc-fc42-42a6-b0cf-685a5cea1702,Bent Over Row,duplicate-of:Kettlebell Bent-Over Row,false,Pull,Weightlifting,Kettlebell,,,,,,,,,,Strength,Lats;Upper Back,Biceps;Core;Forearms / Grip;Lower Back,,keep-custom,medium,KB-equipped; merges into Kettlebell Bent-Over Row,,
94b99564-ebb0-4f89-985f-8b4fb7ff27b5,Bent Over Two-Dumbbell Row,derives:Bent-Over Row,false,Pull,Weightlifting,Dumbbell,,,,,,,,,,Strength,Biceps;Lats;Upper Back,,Dumbbell Bent-Over Row,adopt-generated,high,generated 'Dumbbell Bent-Over Row' beats the import name,,
318731bc-0b26-4779-9aeb-f20eb1780c6d,Bicep Curl,derives:Curl,false,Pull,Weightlifting,Dumbbell,,,,,,,,,,Strength,Biceps;Forearms / Grip,,Dumbbell Curl,adopt-generated,high,Dumbbell; generic import name replaced by the generated form,,
2997561f-fe30-4e81-a9cf-00548ea689ff,Bicycles,derives:Crunch,false,Midline,Gymnastics,Bodyweight;Floor,,,,Alternating,,,,,,Strength,Core;Obliques,Hip Flexors,Alternating Crunch,keep-custom,high,Alternating cross-body crunch; separated from Elbow-To-Knee by symmetry Alternating (declared compromise),,
1cd276db-2c03-491c-a006-b2d1ec0ddfed,Bike,core:Bike,true,Bike,Monostructural,,,,,,,,,,,MetCon,Full Body,,Bike,keep-custom,high,"promoted core; assault_bike tag folds into Bike (Q6); Assault/Echo stay aliases; core carries no equipment (new convention); default ""Bike"" is name-suppression only, not identity",,core_default_equipment:Bike
c2b1e158-ea6c-4f67-8db0-3177640b14a7,Boat Rows,derives:Bent-Over Row,false,Midline,Weightlifting,Kettlebell,,V-Sit,,,,,,,,Strength,Core;Upper Back,Biceps;Hip Flexors;Lats,V-Sit Kettlebell Bent-Over Row,keep-custom,low,stance V-Sit (boat pose),,stance:V-Sit
9576a843-c3c2-415a-a21d-38c0088a8290,Body Waves,outlier,false,Mobility,Recovery,Bodyweight,,,,,,,,,,Mobility,Core;Lower Back,Hip Flexors;Shoulders,,keep-custom,high,recovery/mobility,,
fc86b911-7b6d-4999-941c-226a3d78efa1,Bound Ups,outlier,false,Mobility,Recovery,Bodyweight,,,,,,,,,,Mobility,Calves;Quads,Glutes;Hamstrings,,keep-custom,high,recovery/mobility,,
71367b5a-0afe-4af0-a6ea-d00a8fc45690,Box Jump,derives:Jump,true,Plyometric,Gymnastics,Box;Bodyweight;Floor,,,Box,,,,,,,MetCon;Skill,Calves;Glutes;Hamstrings;Quads,Core;Hip Flexors;Lower Back,Box Jump,adopt-generated,high,range Box implies equipment Box (suppressed) - the 'Box Box Jump' rule exercised,,
3ea89e52-8ef8-458e-a66a-307bd078c219,Bulgarian Split Squat,derives:Lunge,true,Lunge,Gymnastics,Bench;Bodyweight,,Split,,Unilateral,,,,,,Strength,Glutes;Quads,,Split Bench Lunge,keep-custom,high,rear-foot-elevated Split + Bench; 'Bulgarian' is the world's name,,
f5bf41cb-7241-4b46-a656-1015ffbddf21,Burpee,core:Burpee,true,Plyometric,Gymnastics,,,,,,,,,,,MetCon,Chest;Core;Glutes;Quads;Shoulders,Calves;Hamstrings;Lower Back;Triceps,Burpee,keep-custom,high,"promoted core; un-parent from Squat; family Squat -> Plyometric; core carries no equipment (new convention); default ""Bodyweight;Floor"" is name-suppression only, not identity",,"core_default_equipment:Bodyweight,Floor"
8d526913-85b9-46a7-95b3-0a262dd24957,Butterfly Sit-Up,derives:Sit-Up,false,Midline,Gymnastics,Bodyweight;Floor,,,,,,,,Butterfly,,Strength,Core,Hip Flexors,Butterfly Sit-Up,adopt-generated,medium,Butterfly style value or curated name,,
47d9bcba-1b05-4a77-bf42-c908d1b8ea95,Cable Crunch,derives:Crunch,false,Midline,Weightlifting,Cable,,,,,,,,,,Strength,Core,,Cable Crunch,adopt-generated,high,Cable (approved addendum),,
c5605994-39b6-4a45-afb4-c4d8e949d8cb,Cable Curl,derives:Curl,false,Pull,Weightlifting,Cable,,,,,,,,,,Strength,Biceps,Forearms / Grip,Cable Curl,adopt-generated,high,Cable (approved addendum),,
fdbe541d-95b5-4b16-b80d-688f54ef50ed,Cable Flys,derives:Chest Fly,false,Push/Press,Weightlifting,Cable,,,,,,,,,,Strength,Chest,,Cable Chest Fly,adopt-generated,high,"Cable (standing crossover, no bench); plural dialect replaced",,
f144f028-65b4-4209-9605-a479de7252bc,Cable Rope Curl,duplicate-of:Cable Curl,false,Pull,Weightlifting,Cable,,,,,,,,,,Strength,Biceps,Forearms / Grip,,keep-custom,high,rope attachment is not identity (same rule as Tricep Pushdown - Rope Attachment); climbing-Rope mis-tag drops; merges into Cable Curl,,
83822f11-0b85-4358-bef4-1c8c8043187e,Cable Rope Overhead Triceps Extension,derives:Triceps Extension,false,Push/Press,Weightlifting,Cable,,,,,,,,,,Strength,Triceps,,Overhead Cable Triceps Extension,keep-custom,high,Arm Position Overhead,,arm_position:Overhead
dd9ffabd-3eb7-4ba7-b178-70175e4fd786,Cable Zercher Pull Through,outlier,false,Hinge,Weightlifting,Cable,,,,,,,,,,Strength,Glutes,Core;Hamstrings,,keep-custom,medium,cable pull-through; hinge accessory,,
c597cd87-17ba-4b3f-946e-c6019d2fadb5,Cable-Resisted Reverse Crunch,derives:Reverse Crunch,false,Midline,Weightlifting,Cable,,,,,,,,,,Strength,Core,Hip Flexors,Cable Reverse Crunch,adopt-generated,high,Cable (approved addendum),,
2c3aae99-237b-4c58-8622-13a25f1dc9e4,Cable-Resisted Toe Touches,derives:Crunch,false,Midline,Weightlifting,Cable,,,,,,,,,,Strength,Core,Hip Flexors,Cable Toe-Tap Crunch,keep-custom,high,bare EQ Cable would collide with Cable Crunch; variant toe-tap resolves it,toe-tap,variant:toe-tap
e85ddbba-191e-4f21-a16f-603ed76ee475,Calf Press on the Leg Press Machine,derives:Calf Raise,false,Activation,Weightlifting,Machine,,Supine,,,,,,,,Strength,Calves,,Supine Machine Calf Raise,rename-to:Leg Press Calf Press,high,Machine + Supine (reclined on the sled); Supine is what separates it from Seated Calf Raise,,equipment:Machine
10f0f59b-5673-42c7-810e-9256838ea77f,Chest-to-Bar,derives:Pull-Up,true,Pull,Gymnastics,Bar,,,,,,,,,,Skill,Biceps;Lats;Upper Back,,Chest-to-Bar Pull-Up,keep-custom,high,RESOLVED COLLISION: variant chest-to-bar replaces the declared collision with the Pull-Up core (beyond-full ROM has no range value),chest-to-bar,variant:chest-to-bar
de68bf32-b80f-4a1f-8ad6-68c6b1ae232c,Child's Pose Flow,outlier,false,Stretching,Recovery,Floor,,,,,,,,,,Mobility,Shoulders;Upper Back,Hip Flexors;Lats,,keep-custom,high,recovery/mobility,,
b23b3d0b-de50-4526-8e28-e18377ad9767,Clean,core:Clean,true,Olympic,Weightlifting,,,,,,,,,,,Skill;Strength,Glutes;Hamstrings;Neck / Traps;Quads,Calves;Core;Forearms / Grip;Lats;Shoulders,Clean,keep-custom,high,"keep as-is; core carries no equipment (new convention); default ""Barbell"" is name-suppression only, not identity",,core_default_equipment:Barbell
b9b1951c-aaf8-4fde-a82b-2e3dc91ac158,Close Grip Dumbbell Bench Press,derives:Bench Press,false,Push/Press,Weightlifting,Dumbbell;Bench,,,,,,Close,,,,Strength,Triceps,Chest;Shoulders,Close-Grip Dumbbell Bench Press,adopt-generated,high,Close grip width + Dumbbell,,
5645395b-73b1-49de-bb95-35d2bdc49749,Close Grip Seated Hammer Curl,derives:Curl,false,Pull,Weightlifting,Dumbbell,,Seated,,,Neutral,Close,,,,Strength,Biceps,Forearms / Grip,Close-Grip Neutral-Grip Seated Dumbbell Curl,keep-custom,medium,Neutral orientation + Close width + Seated; generated stacks three band-25/30 fragments so the world name is kept,,
2a5c6596-8af7-4c27-991e-2badf46feea1,Close-Grip Barbell Bench Press,derives:Bench Press,false,Push/Press,Weightlifting,Barbell;Bench,,,,,,Close,,,,Strength,Chest;Triceps,,Close-Grip Bench Press,adopt-generated,high,generated 'Close-Grip Bench Press' (Barbell silent as core default),,
9c94cfce-f41b-46b7-be88-8d08ae3b53a9,Concentration Curl,derives:Curl,false,Pull,Weightlifting,Dumbbell,,,,Unilateral,,,,,,Strength,Biceps,Forearms / Grip,Concentration Dumbbell Curl,keep-custom,high,Arm Position Braced (fragment Concentration) - the declared generated-name collision with Dumbbell Curl is now resolved too,,arm_position:Braced
b13b9b6a-30eb-493d-afa3-67e818dba85b,Cool-Down Walk,outlier,true,Run,Recovery,Bodyweight,,,,,,,,,,Recovery,Full Body,,,keep-custom,high,recovery station; goal Cool-Down folds into Recovery per dictionary,,
9777d13f-6f01-415e-b95d-1ceb2b5696e4,Copenhagen Side Plank,derives:Plank,false,Midline,Gymnastics,Bodyweight;Bench,,,,,,,,,,Strength,Hip Adductors,Core;Obliques;Shoulders,Side Bench Plank,keep-custom,high,"Support Position Side + Bench (top leg elevated, per description); world name kept",,support_position:Side
f6c0b711-4edc-445e-9790-eb93b773e2ca,Cossack Squats,derives:Squat,false,Squat,Recovery,Bodyweight,,,,,,,,,,Strength;Mobility,Hip Adductors;Quads,Glutes;Hamstrings,Lateral Squat,rename-to:Cossack Squat,medium,retagged Mobility -> Squat; Direction Lateral,,direction:Lateral
f3d47b88-b89d-4e0b-9c3d-5cbc08870ab6,Cross Body Single-Arm Floor Press,derives:Bench Press,false,Push/Press,Weightlifting,Kettlebell;Floor,,Supine,,Unilateral,,,,,,Strength,Chest;Triceps,Core;Shoulders,Supine Floor Kettlebell Bench Press,keep-custom,low,floor press = Supine stance + Floor; cross-body cue not expressible; Bench Press noun awkward for floor work,,
477d482e-f23f-42eb-b060-bcc916c2271c,Cross Body Single-Leg Romanian Deadlift,derives:Deadlift,false,Hinge,Weightlifting,Kettlebell,,Single-Leg,Partial,Unilateral,,,,,,Strength,Glutes;Hamstrings,Core;Forearms / Grip;Lower Back,Partial Single-Leg Kettlebell Deadlift,keep-custom,medium,cross-body hold not expressible; curated name,,
55493476-6af2-4fd3-92c9-d40176e56b6b,Crunch And Replace,derives:Crunch,false,Midline,Weightlifting,Med Ball,,,,,,,,,,Strength,Core,,Med Ball Crunch,keep-custom,high,med-ball crunch with an overhead pass; Med Ball equipment,,
da5fcd1e-b402-41ae-a144-5596aaa510d1,Crunches,core:Crunch,false,Midline,Gymnastics,,,,,,,,,,,Strength,Core,,Crunch,rename-to:Crunch,high,"NEW CORE: partial-ROM thoracic-flexion root; still deliberately NOT a Sit-Up derivation (that Gate A ruling stands); accessory core; core carries no equipment (new convention); default ""Bodyweight;Floor"" is name-suppression only, not identity",,"core_default_equipment:Bodyweight,Floor"
4a933d94-d40d-4a6f-aff9-aab851f7f5f5,Crush Push Ups,derives:Push-Up,false,Push/Press,Gymnastics,Bodyweight;Floor,,,,,,,,Crush,,Strength,Chest;Triceps,Core;Shoulders,Crush Push-Up,rename-to:Crush Push-Up,medium,"CORRECTION 6: a crush push-up is not a diamond push-up; style Crush, Close grip removed",,style:Crush
b6cb3ae1-3280-47b9-aa09-e1d7da646992,D Ball Over Shoulder,outlier,false,Throw,Weightlifting,Sandbag,,,,,,,,,,Strength,Full Body;Glutes;Hamstrings;Upper Back,Core;Forearms / Grip;Shoulders,,keep-custom,medium,"odd-object over-shoulder; single row, no core",,
ae7f41c1-fa4d-4f28-a255-5d48be5eb532,Deadlift,core:Deadlift,true,Hinge,Weightlifting,,,,,,,,,,,Strength,Glutes;Hamstrings;Lower Back,Core;Forearms / Grip;Upper Back,Deadlift,keep-custom,high,"keep as-is; core carries no equipment (new convention); default ""Barbell"" is name-suppression only, not identity",,core_default_equipment:Barbell
649bb575-4931-40b4-8236-3e84fed0eeeb,Decline Bench Press,derives:Bench Press,false,Push/Press,Weightlifting,Barbell;Bench,,,,,,,Decline,,,Strength,Chest;Triceps,,Decline Bench Press,adopt-generated,high,Bench Angle addendum,,
518bb58b-48dd-4736-a597-63af49d07316,Depth Jump,derives:Jump,false,Plyometric,Gymnastics,Box;Bodyweight,,,,,,,,Plyometric,,Skill,Calves;Glutes;Quads,Core;Hamstrings,Plyo Box Jump,keep-custom,medium,"drop-and-rebound; Plyo + Box, curated name",,
0cf83693-8e3a-42e8-97be-ed7b42f9b9a5,Diagonal Delt Raise,derives:Raise,false,Push/Press,Weightlifting,Dumbbell,,,,,,,,,,Strength,Shoulders,,Diagonal Raise,keep-custom,high,Direction Diagonal (scaption); the Front Raise collision the prior pass feared is now expressible,,direction:Diagonal
fe1484e2-c645-4c11-95cf-ea1669af44f9,Dip,core:Dip,true,Push/Press,Gymnastics,,,,,,,,,,,Skill,Chest;Shoulders;Triceps,,Dip,keep-custom,high,"promoted core; dip station implied by Bodyweight (no station equipment value); core carries no equipment (new convention); default ""Bodyweight"" is name-suppression only, not identity",,core_default_equipment:Bodyweight
e1e31e87-93f9-4d83-8b0f-73c6f0beaf3d,Dip Or Seated Machine Dip,duplicate-of:Dip,false,Pull,Weightlifting,Bodyweight,,,,,,,,,,Strength,Triceps,Chest;Shoulders,,keep-custom,medium,either/or junk row; merges into core Dip,,
67bb9120-8b5d-41f4-aa69-78f77713f866,Dips,duplicate-of:Dip,false,Push/Press,Weightlifting,Bodyweight,,,,,,,,,,Strength,Chest;Triceps,Shoulders,,keep-custom,high,merges into core Dip,,
ddf11ab7-eb62-4e96-a307-672cceaab5a7,Dips - Tricep Version,duplicate-of:Dip,false,Push/Press,Weightlifting,Bodyweight,,,,,,,,,,Strength,Chest;Triceps,,,keep-custom,medium,merges into core Dip; torso-angle cue is not identity,,
0f79c9ab-7ed2-4473-a314-02fbad499143,Donkey Calf Raise,derives:Calf Raise,false,Activation,Weightlifting,Dumbbell,,,,,,,,,,Strength,Calves,,Dumbbell Donkey Calf Raise,keep-custom,medium,"CORRECTION 5: the defining feature is hip flexion, not the dumbbell; variant donkey (Dumbbell alone generated a different exercise)",donkey,variant:donkey
f7222122-0ffa-4337-8edd-9040e7c45190,Double Bell Clean,derives:Clean,false,Olympic,Weightlifting,Kettlebell,Double Front Rack,,,,,,,,,Strength,Glutes;Hamstrings;Shoulders,Core;Forearms / Grip;Upper Back,Kettlebell Double Front Rack Clean,rename-to:Double Kettlebell Clean,medium,Double Front Rack + Kettlebell,,
a260b34d-f5ca-4b01-9ee1-0e0800c4e9f4,Double-Under,derives:Jump Rope,true,Rope,Monostructural,Jump Rope,,,,,,,,,,MetCon,Calves;Full Body,,Double-Under Jump Rope,keep-custom,high,RESOLVED COLLISION: variant double-under replaces the declared collision with the Jump Rope core,double-under,variant:double-under
41da4c6b-d777-4266-adec-cb6cbff347d2,Dumbbell Bench Press,derives:Bench Press,false,Push/Press,Weightlifting,Dumbbell;Bench,,,,,,,,,,Strength,Chest;Shoulders;Triceps,,Dumbbell Bench Press,adopt-generated,high,Dumbbell,,
40030b7f-c667-4b67-8e7a-d64c1ff9b132,Dumbbell Bridge Fly,derives:Chest Fly,false,Push/Press,Weightlifting,Dumbbell,,Bridge,,,,,,,,Strength,Chest,Glutes;Shoulders,Bridge Chest Fly,keep-custom,high,stance Bridge (new value); the hold-plus-movement exclusion is lifted,,stance:Bridge
8c5de959-e01c-4c6b-9aed-ff856062f730,Dumbbell Bridge Single Chest Press,derives:Bench Press,false,Push/Press,Weightlifting,Dumbbell,,Bridge,,Unilateral,,,,,,Strength,Chest,Core;Glutes;Shoulders;Triceps,Bridge Dumbbell Bench Press,keep-custom,medium,stance Bridge - bridge IS a stance now,,stance:Bridge
20af318d-079c-4146-8494-b43e35375cdb,Dumbbell Bulgarian Split Squat,derives:Lunge,false,Lunge,Gymnastics,Dumbbell;Bench,Suitcase,Split,,Unilateral,,,,,,Strength,Glutes;Quads,,Split Bench Dumbbell Suitcase Lunge,keep-custom,high,Split (RFE) + Dumbbell + Bench,,
80d46a74-c62a-4849-920f-22d326bf7cef,Dumbbell Chest Fly,core:Chest Fly,false,Push/Press,Weightlifting,,,,,,,,,,,Strength,Chest,Shoulders,Chest Fly,rename-to:Chest Fly,high,"NEW CORE: horizontal-adduction root; Dumbbell;Bench are its silent default equipment (mirrors Bench Press); named 'Chest Fly' so rear-delt and lat flies stay outside it; core carries no equipment (new convention); default ""Dumbbell;Bench"" is name-suppression only, not identity",,"core_default_equipment:Dumbbell,Bench"
af357f8f-5f0f-475a-952f-9c4a90db114d,Dumbbell Goblet Squat,derives:Squat,false,Squat,Gymnastics,Dumbbell,Goblet,,,,,,,,,Strength,Glutes;Quads,Core;Hamstrings,Dumbbell Goblet Squat,adopt-generated,high,Goblet load + Dumbbell,,
c0af3ce1-cb39-47c8-a196-f9eb7438bb87,Dumbbell Hold,outlier,false,Carry,Weightlifting,Dumbbell,,,,,,,,,,Strength,Biceps,Forearms / Grip,,keep-custom,medium,static grip hold; Carry-adjacent but not a carry,,
25809b50-015b-4578-9ac8-e73ec9d8be26,Dumbbell Shoulder Press,derives:Press,false,Push/Press,Weightlifting,Dumbbell,,,,,,,,,,Strength,Shoulders;Triceps,,Dumbbell Press,keep-custom,high,'Shoulder Press' is common usage; generated would be 'Dumbbell Press',,
c8e35862-3134-4543-9302-4529d8eac79c,Dumbbell Squeeze Press,derives:Bench Press,false,Push/Press,Weightlifting,Dumbbell;Bench,,,,,,,,Crush,,Strength,Chest,Shoulders;Triceps,Crush Dumbbell Bench Press,keep-custom,medium,style Crush - the Close-Grip DB Bench collision the prior pass feared is gone,,style:Crush
ab58c0d1-35cd-4696-83ec-0831494e4602,Dumbbell Suitcase Crunch,derives:Crunch,false,Midline,Weightlifting,Dumbbell,Suitcase,,,,,,,Weighted,,Strength,Obliques,Core,Weighted Dumbbell Suitcase Crunch,keep-custom,high,Suitcase load + Weighted style; world name kept,,
54261211-c77f-473c-abac-8a603633975c,Dumbbell Walking Lunge,derives:Lunge,false,Lunge,Gymnastics,Dumbbell,Suitcase,,,,,,,,,Strength,Glutes;Hamstrings;Quads,,Walking Dumbbell Suitcase Lunge,keep-custom,medium,Direction Walking closes the direction gap,,direction:Walking
d8446175-d8b7-410a-a2a6-75490a8e6175,Elbow-To-Knee Crunch,derives:Crunch,false,Midline,Gymnastics,Bodyweight;Floor,,,,Cross-Body / Rotational,,,,,,MetCon,Core;Obliques,Hip Flexors,Cross-Body Crunch,keep-custom,high,Cross-Body/Rotational symmetry (silent) so the world name is kept,,
d04d81bc-c668-4a96-b3a8-ff6a5cbc4d60,EZ Bar Skullcrusher,derives:Triceps Extension,false,Push/Press,Weightlifting,Barbell;Bench,,Supine,,,,,,,,Strength,Triceps,,Supine Barbell Bench Triceps Extension,keep-custom,high,Supine + Barbell;Bench; EZ bar shape not expressible but no collision results; world name kept,,
c7902429-4714-4697-b503-0f2766d11649,EZ Bar Spider Curls,derives:Curl,false,Pull,Weightlifting,Barbell;Bench,,Prone,,,,,Incline,,,Strength,Biceps,Forearms / Grip,Incline Prone EZ-Bar Curl,rename-to:EZ Bar Spider Curl,medium,"same EZ-bar gap; fp was already unique on Prone+Incline. G3 PROMOTION CANDIDATE: ""EZ Bar"" is really an equipment value, not a variant - promote it if a third EZ-bar row appears",ez-bar,variant:ez-bar
a16bedae-5cbb-4f4a-b247-ccfb84e25045,EZ-Bar Curl,derives:Curl,false,Pull,Weightlifting,Barbell,,,,,,,,,,Strength,Biceps;Forearms / Grip,,EZ-Bar Curl,adopt-generated,high,"FINGERPRINT collision dissolved by the no-default-equipment rule alone (EQ Barbell is now unique) - prediction confirmed. The variant label is added for the NAME only: with Barbell suppressed as the core default, the generated form degenerated to bare ""Curl""",ez-bar,variant:ez-bar
111bb1b9-85c9-4c92-b78c-cc9eb96dafb1,Face Pull,outlier,false,Pull,Weightlifting,Cable,,,,,,,,,,Strength,Upper Back,Neck / Traps;Shoulders,,keep-custom,high,Cable addendum applied,,
46b2344d-5f50-4168-8ecd-99323965b7aa,Flat Bench Cable Flyes,derives:Chest Fly,false,Push/Press,Weightlifting,Cable;Bench,,Supine,,,,,Flat,,,Strength,Chest,,Supine Cable Chest Fly,keep-custom,medium,Supine stance + Bench is what separates it from the standing Cable Chest Fly; Flat angle is silent,,
3da442db-1cff-40e2-8672-50525710f392,Flutter Kicks,derives:Leg Raise,false,Midline,Gymnastics,Bodyweight;Floor,,,Partial,Alternating,,,,,,MetCon,Core;Hip Flexors,,Partial Alternating Leg Raise,keep-custom,high,midline accessory,,
f7a92fbd-7d0a-4671-a5ae-7ef7adc2075d,Foam Roll,outlier,true,Foam Rolling,Recovery,Foam Roller,,,,,,,,,,Recovery,Full Body,,,keep-custom,high,recovery station; stays in Movements tab (Today blocks depend on it),,
b6e93a9c-2d95-4a18-8e40-28289844f86f,Front Incline Raise,derives:Raise,false,Push/Press,Weightlifting,Dumbbell;Bench,,,,,,,Incline,,,Strength,Shoulders,,Front Incline Raise,adopt-generated,medium,Direction Front + Incline bench angle; Bench suppressed as implied by bench_angle,,direction:Front
cb32a445-315b-4d45-91fc-6135acc0d452,Front Squat,derives:Squat,true,Squat,Gymnastics,Barbell,Front,,,,,,,,,Strength,Glutes;Hamstrings;Quads,,Front Squat,adopt-generated,high,Front load position,,
93e14713-45ae-41fa-a228-4ec5223aac82,GHD Reverse Crunch,derives:Reverse Crunch,false,Midline,Gymnastics,GHD,,,,,,,,,,Strength,Core,Hip Flexors,GHD Reverse Crunch,adopt-generated,high,GHD equipment (approved addition),,
f57a4584-232e-4e44-9fa3-8276a991b076,Golf Swings,outlier,false,Mobility,Recovery,Bodyweight,,,,,,,,,,Mobility,Obliques;Shoulders,Core;Hip Flexors,,keep-custom,high,recovery rotation; not a Swing derivation,,
820cbfd1-df37-43ce-a629-ce36a8d484db,Hack Squat ,derives:Squat,false,Squat,Weightlifting,Machine,,,,,,,,,,Strength,Glutes;Hamstrings;Quads,Core;Lower Back,Machine Squat,rename-to:Hack Squat,medium,equipment Machine; trailing space trimmed; the wrong Back+ATG seed drops,,equipment:Machine
ce8b4758-21a4-4f68-9285-ef1311e29e3a,Hammer Curl,derives:Curl,false,Pull,Weightlifting,Dumbbell,,,,,Neutral,,,,,Strength,Biceps,Forearms / Grip,Neutral-Grip Dumbbell Curl,keep-custom,high,Neutral grip orientation (the dictionary's own hammer-curl example); world name kept,,
c4ac582d-3576-4722-acd7-a0745a1ee737,Handstand Push-up,core:Handstand Push-Up,true,Push/Press,Gymnastics,,,,,,,,,,,Skill,Core;Shoulders;Triceps,,Handstand Push-Up,rename-to:Handstand Push-Up,high,"promoted core; casing fix; wall implied for standard HSPU; core carries no equipment (new convention); default ""Bodyweight;Wall"" is name-suppression only, not identity",,"core_default_equipment:Bodyweight,Wall"
2cefc88f-18c9-42b1-b045-947035cf20b3,Handstand Walk,core:Handstand Walk,true,Inversion,Gymnastics,,,,,,,,,,,Skill,Core;Shoulders,,Handstand Walk,keep-custom,medium,"promoted core; 0 derivers today (root locomotion skill, Run/Row precedent); core carries no equipment (new convention); default ""Bodyweight;Floor"" is name-suppression only, not identity",,"core_default_equipment:Bodyweight,Floor"
0d32e2b5-9dae-47aa-b4e2-12c929ae7a4a,Hang Clean,derives:Clean,true,Olympic,Weightlifting,Barbell,Hang,,,,,,,,,Strength,Glutes;Hamstrings;Shoulders,Core;Forearms / Grip;Quads;Upper Back,Hang Clean,adopt-generated,high,EQUIPMENT CORRECTION: row was tagged Dumbbell; the movement as named is a barbell lift,,
4bfc73b8-8e74-4bdf-862f-fa63bd988f0e,Hanging Knee Raises,derives:Leg Raise,true,Midline,Gymnastics,Bar,,,Partial,,,,,,,Skill,Core;Obliques,Forearms / Grip,Partial Bar Leg Raise,rename-to:Hanging Knee Raise,medium,CORRECTION 8: moved from Toes-to-Bar to Leg Raise - Bar + Partial is a truer model than Partial Toes-to-Bar,,
c37656f7-7768-4ed2-a473-f53eb97e7f6b,Hanging Leg Raises,derives:Leg Raise,false,Midline,Gymnastics,Bar,,,,,,,,,,Strength,Core;Hip Flexors,Forearms / Grip;Shoulders,Bar Leg Raise,rename-to:Hanging Leg Raise,medium,CORRECTION 8: moved from Toes-to-Bar to Leg Raise; Toes-to-Bar stays the sport movement and a clean ROM endpoint,,
5ccd7117-78f1-453a-a51e-ae45654cd84d,Heel Tap Crunches,derives:Crunch,false,Midline,Gymnastics,Bodyweight;Floor,,,,,,,,,,Strength,Obliques,Core,Lateral Crunch,rename-to:Heel Tap Crunch,high,Direction Lateral (lateral flexion); singularized,,direction:Lateral
e39d8f60-c552-4043-b569-4db5bf8b1d4b,High Cable Curls,derives:Curl,false,Pull,Weightlifting,Cable,,,,,,,,,,Strength,Biceps,,Overhead Cable Curl,keep-custom,medium,RESOLVED COLLISION: Arm Position Overhead replaces the declared fingerprint collision with Cable Curl,,arm_position:Overhead
b1bb2efd-6c9f-44ea-ae45-667f93ad146e,High Plank,derives:Plank,false,Midline,Gymnastics,Bodyweight;Floor,,,,,,,,,,Strength,Core,Shoulders,High Plank,adopt-generated,high,NEW CORE Plank is a NEW ROW (forearm plank); Support Position Hand,,support_position:Hand
8e7e68d1-3269-4be4-a4d2-18324172ca4d,High Stance Leg Press,derives:Leg Press,false,Squat,Weightlifting,Machine,,,,,,,,,,Strength,Glutes;Hamstrings;Quads,,High-Stance Leg Press,keep-custom,medium,RESOLVED COLLISION: was sharing the empty core fingerprint; now Machine + variant high-stance,high-stance,equipment:Machine;variant:high-stance
b51b16df-6c23-492c-baa5-c5d1bbf38163,Hollow Flutter Kicks,derives:Leg Raise,false,Midline,Gymnastics,Bodyweight;Floor,,Hollow,Partial,Alternating,,,,,,Strength,Core,Hip Flexors;Quads,Partial Hollow Alternating Leg Raise,keep-custom,high,stance Hollow (new value),,stance:Hollow
fc594581-6487-47e6-bc5e-5ed00be98478,Hollow Hold Crush Press,derives:Bench Press,false,Push/Press,Weightlifting,Kettlebell,,Hollow,,,,,,Crush,,Strength,Chest;Core;Triceps,Hip Flexors;Shoulders,Crush Hollow Kettlebell Bench Press,keep-custom,medium,stance Hollow + style Crush (both new),,stance:Hollow;style:Crush
e92f2281-d98b-4200-a644-0831871d1707,Horn Curl + Press Out,outlier,false,Pull,Weightlifting,Kettlebell,,,,,,,,,,Strength,Biceps;Chest,Forearms / Grip;Shoulders;Triceps,,keep-custom,high,ad-hoc combo,,
b94a7298-2a71-4486-8211-790867506907,Horse Stance,outlier,false,Mobility,Recovery,Bodyweight,,,,,,,,,,Mobility,Hip Adductors;Quads,Core;Glutes,,keep-custom,high,recovery/mobility,,
0b975a66-3c23-44ab-a520-9d839d3aaf50,Hyperextensions,outlier,false,Hinge,Weightlifting,GHD,,,,,,,,,,Strength,Glutes;Hamstrings;Lower Back,,,keep-custom,medium,back/hip extension accessory; GHD assumed,,
c81483ac-3cc7-423f-9b85-794108eebfec,Incline Dumbbell Curl,derives:Curl,false,Pull,Weightlifting,Dumbbell;Bench,,,,,,,Incline,,,Strength,Biceps,,Incline Dumbbell Curl,adopt-generated,high,Bench Angle addendum + Dumbbell,,
1c205c16-37a4-46d5-8fa6-82bd1afaa47a,Incline Dumbbell Press,derives:Bench Press,false,Push/Press,Weightlifting,Dumbbell;Bench,,,,,,,Incline,,,Strength,Chest;Shoulders;Triceps,,Incline Dumbbell Bench Press,keep-custom,high,Bench Angle addendum; 'Incline Dumbbell Press' is the world's name (generated appends 'Bench'),,
f7975fca-5871-4600-bb4b-bfc8b1681a26,Incline Reverse Crunch,derives:Reverse Crunch,false,Midline,Gymnastics,Bench;Bodyweight,,,,,,,Incline,,,Strength,Core,Hip Flexors,Incline Reverse Crunch,adopt-generated,high,Bench Angle addendum,,
6dfc9b9d-02a8-467c-af5c-7e95a5673b3a,Inverted Row,derives:Inverted Row,false,Pull,Gymnastics,Bar,,,,,,,,,,Strength,Upper Back,Biceps;Forearms / Grip,Bar Inverted Row,rename-to:Bar Inverted Row,medium,CORRECTION 4: child of the renamed Inverted Row core; Bar emits because Rings is the core default,,
5e35a841-1f39-44e6-ae61-e21317afc890,Iron Tridents,outlier,false,Midline,Weightlifting,Kettlebell;Floor,,,,,,,,,,Strength,Core;Shoulders,Hip Flexors;Triceps,,keep-custom,medium,KB combo flow,,
0b38eb75-53b2-45e0-8c12-c52bd87fc774,Jump,core:Jump,true,Plyometric,Gymnastics,,,,,,,,,,,MetCon;Skill,Calves;Glutes;Hamstrings;Quads,Core;Hip Flexors;Lower Back,Jump,keep-custom,high,"keep as-is; core carries no equipment (new convention); default ""Bodyweight;Floor"" is name-suppression only, not identity",,"core_default_equipment:Bodyweight,Floor"
e3cdc5c3-6618-4050-85db-88e4a1a70f29,Jump Rope,core:Jump Rope,true,Rope,Monostructural,,,,,,,,,,,MetCon,Calves;Full Body,,Jump Rope,keep-custom,high,"promoted core; new Jump Rope equipment (approved); core carries no equipment (new convention); default ""Jump Rope"" is name-suppression only, not identity",,core_default_equipment:Jump Rope
386926db-38fb-4da3-abdb-6ae22bea8aa5,Jumping Split Lunges,derives:Lunge,false,Lunge,Gymnastics,Bodyweight,,Split,,,,,,Plyometric,,MetCon,Glutes;Quads,Calves;Core;Hamstrings,Plyo Split Lunge,rename-to:Jumping Split Lunge,high,Plyometric style + Split stance,,
81fc87d3-cb88-4272-9a6c-ffe64f665f13,Kettlebell Around The World,derives:Around the World,false,Rotation,Weightlifting,Kettlebell,,,,,,,,,,Strength,Core;Obliques,Forearms / Grip;Shoulders,Kettlebell Around the World,adopt-generated,high,shoulder accessory,,
afeaf1ac-bd14-4643-9d35-a85ab8da05a0,Kettlebell Bench Press,derives:Bench Press,false,Push/Press,Weightlifting,Kettlebell;Bench,,,,,,,,,,Strength,Chest,Shoulders;Triceps,Kettlebell Bench Press,adopt-generated,high,Kettlebell,,
b08c3cf8-b02a-4953-8a72-058b3ea2a00b,Kettlebell Bent-Over Row,derives:Bent-Over Row,false,Pull,Weightlifting,Kettlebell,,,,,,,,,,Strength,Lats;Upper Back,Biceps;Core;Forearms / Grip,Kettlebell Bent-Over Row,adopt-generated,high,Kettlebell; dup winner over generic Bent Over Row,,
ce73f567-f654-40a9-835b-97febc87d76f,Kettlebell Bridge Press,derives:Bench Press,false,Push/Press,Weightlifting,Kettlebell,,Bridge,,,,,,,description prescribes slow tempo,Strength,Chest,Core;Glutes;Shoulders;Triceps,Bridge Kettlebell Bench Press,keep-custom,medium,stance Bridge,,stance:Bridge
d2ec9d8c-8bca-4cb5-a842-534f13d41435,Kettlebell Crush Press,derives:Bench Press,false,Push/Press,Weightlifting,Kettlebell,,,,,,,,Crush,,Strength,Chest;Triceps,Core;Forearms / Grip;Shoulders,Crush Kettlebell Bench Press,keep-custom,medium,"style Crush; no bench, so no collision with Kettlebell Bench Press",,style:Crush
0b9f321c-af84-454d-a9c8-3890c7b4fec3,Kettlebell Curl,derives:Curl,false,Pull,Weightlifting,Kettlebell,,,,,,,,,,Strength,Biceps,Forearms / Grip,Kettlebell Curl,adopt-generated,high,Kettlebell,,
0056856b-444d-427d-92a4-899451758fdf,Kettlebell Deadlift High Pull,outlier,false,Hinge,Weightlifting,Kettlebell,,,,,,,,,,MetCon,Glutes;Shoulders;Upper Back,Core;Forearms / Grip;Hamstrings;Neck / Traps,,keep-custom,medium,SDHP-adjacent compound; kept outlier per Gate A; promote a core later if programmed,,
ca288903-1599-4766-ab35-304971ce8c00,Kettlebell Front Rack Lunge,derives:Lunge,false,Lunge,Gymnastics,Kettlebell,Single Front Rack,,,,,,,,,Strength,Glutes;Quads,Core;Hamstrings;Shoulders,Kettlebell Single Front Rack Lunge,keep-custom,high,current name cleaner than 'Kettlebell Single Front Rack Lunge',,
9000bb2f-4db1-42c8-9d9b-48cb0baf3b69,Kettlebell Goblet Curtsy Squat,derives:Lunge,false,Lunge,Gymnastics,Kettlebell,Goblet,,,,,,,,,Strength,Glutes;Quads,Core;Hip Abductors;Hip Adductors,Curtsy Kettlebell Goblet Lunge,keep-custom,low,Direction Curtsy closes the direction gap,,direction:Curtsy
8dbd180e-a5d4-4a84-bd73-9bf272f65250,Kettlebell Goblet Squat,derives:Squat,false,Squat,Gymnastics,Kettlebell,Goblet,,,,,,,,,Strength,Glutes;Quads,Calves;Core;Hamstrings,Kettlebell Goblet Squat,adopt-generated,high,Goblet + Kettlebell,,
08dbcd57-b14c-4534-8764-648e2920c811,Kettlebell Gravedigger,outlier,false,Midline,Weightlifting,Kettlebell,,,,,,,,,,Strength,Glutes;Hamstrings;Shoulders,Core;Lats;Triceps,,keep-custom,medium,KB combo flow,,
c2c05041-144b-45c7-9e54-5f4bec5b7a6a,Kettlebell Halo,core:Halo,false,Rotation,Weightlifting,,,,,,,,,,,Strength,Shoulders,Core;Triceps;Upper Back,Halo,rename-to:Halo,high,PROMOTED CORE; Kettlebell is its default equipment for name suppression only,,core_default_equipment:Kettlebell
56c7f46c-f938-4cb5-812f-e1f0ca30c964,Kettlebell Hang Snatch,derives:Snatch,false,Olympic,Weightlifting,Kettlebell,Hang,,,,,,,,,Strength,Glutes;Shoulders,Core;Forearms / Grip;Hamstrings;Upper Back,Kettlebell Hang Snatch,adopt-generated,high,Kettlebell + Hang,,
542bd30f-234c-4190-baab-0d7a08477617,Kettlebell Horn Curl,derives:Curl,false,Pull,Weightlifting,Kettlebell,,,,,,,,,,Strength,Biceps,Forearms / Grip,Kettlebell Horn Curl,keep-custom,medium,RESOLVED COLLISION: variant horn replaces the declared collision with Kettlebell Curl,horn,variant:horn
9cbb87eb-68c2-4eeb-89b7-c0b159de629a,Kettlebell Horn Push-Up,derives:Push-Up,false,Push/Press,Gymnastics,Kettlebell;Floor,,,,,,,,,,Strength,Chest;Triceps,Core;Shoulders,Kettlebell Push-Up,keep-custom,low,hands on KB horns; curated name; may be outlier,,
46e98a88-8396-43ab-ab0c-da633e4e9c40,Kettlebell Kickstand Deadlift,derives:Deadlift,false,Hinge,Weightlifting,Kettlebell,,Staggered,,,,,,,,Strength,Glutes;Hamstrings,Core;Forearms / Grip;Lower Back,Staggered Kettlebell Deadlift,adopt-generated,medium,kickstand is dialect for Staggered; adopt 'Staggered Kettlebell Deadlift',,
79963968-9188-455e-87f1-98758d2eb637,Kettlebell Plank Pull Through,derives:Plank,false,Midline,Weightlifting,Kettlebell;Floor,,,,,,,,,,Strength,Core;Obliques,Forearms / Grip;Shoulders;Upper Back,Kettlebell Pull-Through Plank,keep-custom,high,same label as the DB twin; equipment separates the fingerprints,pull-through,variant:pull-through
7d4eb547-1967-45d9-9ffa-f1408b8bcc27,Kettlebell Push Out,derives:Press,false,Push/Press,Weightlifting,Kettlebell,,,,,,,,Crush,,Strength,Chest,Shoulders;Triceps,Crush Kettlebell Press,keep-custom,medium,style Crush,,style:Crush
1d63cd53-6f8c-41e9-9a5f-3d6080993196,Kettlebell Reverse Lunge,derives:Lunge,false,Lunge,Gymnastics,Kettlebell,,,,,,,,,,Strength,Glutes;Quads,Calves;Core;Hamstrings,Reverse Kettlebell Lunge,keep-custom,medium,Direction Reverse closes the direction gap,,direction:Reverse
839c6b15-f9ab-4a3c-8326-cdd75c6ff4ad,Kettlebell Split Squats,derives:Lunge,false,Lunge,Gymnastics,Kettlebell,,Split,,,,,,,,Strength,Glutes;Quads,Core;Hamstrings,Split Kettlebell Lunge,rename-to:Kettlebell Split Squat,high,"split-stance lunge; world name kept, singularized",,
ed1b3bbf-bc3c-46a6-90f3-ae2d097a0bd6,Kettlebell Sprawl Row,outlier,false,Pull,Weightlifting,Kettlebell;Floor,,,,,,,,,,MetCon,Full Body;Upper Back,Chest;Core;Forearms / Grip;Glutes;Quads;Shoulders,,keep-custom,medium,burpee+row combo,,
96604640-4e25-4993-9b5d-902eb541ec4b,Kettlebell Squat Clean,derives:Clean,false,Olympic,Weightlifting,Kettlebell,,,,,,,,,,Strength,Glutes;Quads;Shoulders,Core;Forearms / Grip;Hamstrings;Upper Back,Kettlebell Clean,keep-custom,medium,full-depth (silent default); 'Squat Clean' wording kept to distinguish from rack-style KB cleans,,
07b191c2-02ce-4e9c-92a4-1a9cd0feca7f,Kettlebell Suitcase Lunge,derives:Lunge,false,Lunge,Gymnastics,Kettlebell,Suitcase,,,,,,,,,Strength,Glutes;Quads,Core;Forearms / Grip;Hamstrings;Obliques,Kettlebell Suitcase Lunge,adopt-generated,high,Suitcase load + Kettlebell,,
e3652813-5afb-4412-9b2c-ffe3dff90cfc,Kettlebell Swing,core:Swing,true,Swing,Weightlifting,,,,,,,,,,,MetCon,Core;Glutes;Hamstrings;Lower Back,,Swing,rename-to:Swing,high,"promote + RENAME to Swing; un-parent from Deadlift; family Hinge -> Swing; 'Kettlebell Swing' becomes its generated KB name/alias; current Hang/Partial seed values drop (core carries no identity attributes); core carries no equipment (new convention); default ""Kettlebell"" is name-suppression only, not identity",,core_default_equipment:Kettlebell
e8f336ff-6abe-4f45-a46b-70a95158273d,Kettlebell Swing With Squat Swing Combo,outlier,false,Squat,Weightlifting,Kettlebell,,,,,,,,,,Strength,Glutes;Hamstrings;Quads,Core;Lower Back;Shoulders,,keep-custom,high,ad-hoc combo,,
47fb4553-1439-437f-b929-da8f132151bd,Knee To Elbow,outlier,false,Midline,Gymnastics,Bodyweight,,,,,,,,,,Strength,Core;Obliques,Hip Flexors;Shoulders,,keep-custom,low,ambiguous row (no description): standing crunch vs hanging knees-to-elbows; needs user confirmation,,
86f6b49b-aecf-4c3a-836b-9288ddbebd85,Kneeling Rope Lat Pulldown,derives:Lat Pulldown,false,Pull,Weightlifting,Cable,,Kneeling,,,,,,,,Strength,Lats,Biceps;Upper Back,Kneeling Lat Pulldown,keep-custom,medium,Kneeling stance; rope attachment is not identity; world name kept,,
02e33e2e-af3b-4dc6-96a0-251f6770f986,Landmine Chest Press,derives:Bench Press,false,Push/Press,Weightlifting,Landmine;Barbell,,,,,,,,,,Strength,Chest,Shoulders;Triceps,Landmine Bench Press,keep-custom,medium,equipment Landmine (new value),,equipment:Landmine
9d92f019-b91d-4f87-a2de-f6f3ad5ce65a,Lateral Burpees Over The Dumbbell,derives:Burpee,false,Plyometric,Gymnastics,Dumbbell;Floor,,,,,,,,,,MetCon,Chest;Core;Glutes;Quads;Shoulders,Calves;Hamstrings;Lower Back;Triceps,Dumbbell Burpee,rename-to:Lateral Burpee Over Dumbbell,high,"lateral-over target not expressible; curated, singularized",,
a0c205ee-3c0a-4ffc-8c98-5175e885d4b0,Lateral Raises,derives:Raise,false,Push/Press,Weightlifting,Dumbbell,,,,,,,,,,Strength,Shoulders,,Lateral Raise,rename-to:Lateral Raise,high,CORE RENAMED Front Raise -> Raise; Direction Lateral. Single-row-core objection dissolves,,direction:Lateral
22a2b36e-e934-44e1-843c-92d55425d8c4,Leg Curl,core:Leg Curl,false,Hinge,Weightlifting,,,,,,,,,,,Strength,Hamstrings,,Leg Curl,keep-custom,high,"NEW CORE: knee-flexion root; the lying (Prone) machine curl is its silent default, so 'Lying' needs no stance value; leg-curl machine has no equipment value; core carries no equipment (new convention); default ""Machine"" is name-suppression only, not identity",,core_default_equipment:Machine
54b39df9-219e-4870-834c-ee1e9c6199b0,Leg Extension,outlier,false,Squat,Weightlifting,Machine,,,,,,,,,,Strength,Quads,,,keep-custom,high,"dup winner; stays an outlier - one distinct row, no sibling to derive; equipment Machine applied",,equipment:Machine
09212f1a-6d34-48c6-affc-2bb54ae36ab3,Leg Extensions,duplicate-of:Leg Extension,false,Push/Press,Weightlifting,Machine,,,,,,,,,,Strength,Quads,,,keep-custom,high,merges into Leg Extension,,equipment:Machine
2222e3be-0481-4103-827c-8fb0f3eb78c5,Leg Press,core:Leg Press,false,Squat,Weightlifting,,,,,,,,,,,Strength,Glutes;Hamstrings;Quads,,Leg Press,keep-custom,high,"NEW CORE: sled-press root; leg-press machine has no equipment value (the addendum covers Cable + Smith only) so the core carries none; core carries no equipment (new convention); default ""Machine"" is name-suppression only, not identity",,core_default_equipment:Machine
060b2ea6-bf2d-41a2-ae31-75f8498be271,Leg Raises,core:Leg Raise,false,Midline,Gymnastics,,,,,,,,,,,Strength,Core;Hip Flexors,,Leg Raise,rename-to:Leg Raise,high,PROMOTED CORE: the revoked non-load threshold had blocked this; 7 members,,"core_default_equipment:Bodyweight,Floor"
bfb1d36c-efb4-4776-9d57-32379a8a511e,Low To High Dumbbell Flys,derives:Chest Fly,false,Push/Press,Weightlifting,Dumbbell;Bench,,,,,,,,,,Strength,Chest,Shoulders,Low-to-High Chest Fly,rename-to:Low To High Dumbbell Fly,medium,RESOLVED COLLISION: Direction Low-to-High replaces the declared collision with the Chest Fly core,,direction:Low-to-High
cca7659a-0cee-4395-aa3b-a0c7cd4b92b9,Lunge,core:Lunge,true,Lunge,Gymnastics,,,,,,,,,,,Strength,Glutes;Hamstrings;Quads,Calves;Core;Hip Flexors,Lunge,keep-custom,high,"keep as-is; core carries no equipment (new convention); default ""Bodyweight"" is name-suppression only, not identity",,core_default_equipment:Bodyweight
ca567717-d196-41a3-959f-944f3f2aa3a0,Lunge Rotation,outlier,false,Mobility,Recovery,Bodyweight,,,,,,,,,,Mobility,Obliques;Quads,Core;Glutes;Hamstrings,,keep-custom,high,recovery/mobility,,
c9cc8b6d-0f84-4fb6-99b9-36f8d9aaaa42,Lunge With Reach,outlier,false,Mobility,Recovery,Bodyweight,,,,,,,,,,Mobility,Hip Flexors;Quads,Glutes;Shoulders,,keep-custom,high,recovery/mobility,,
ee16df57-abd6-470f-8959-983dfde8d8ca,Lying Leg Curls,duplicate-of:Leg Curl,false,Pull,Weightlifting,Machine,,,,,,,,,,Strength,Hamstrings,,,keep-custom,high,the core Leg Curl IS the lying machine curl (Prone is its silent default); Dumbbell mis-tag drops; explicit merge,,equipment:Machine
eef17ace-fb86-492a-9332-3f189f9e3a9f,Lymphatic Jumps,derives:Jump,false,Plyometric,Recovery,Bodyweight;Floor,,,Quarter,,,,,,,Mobility,Calves;Quads,Glutes,Quarter Lymphatic Jump,keep-custom,high,FLAG probable duplicate-of Pogo Jumps - confirm with user; variant keeps it storable meanwhile,lymphatic,variant:lymphatic
c03c87b9-5caa-4b80-a1df-4a70b08d9864,Machine Bench Press,derives:Bench Press,false,Push/Press,Weightlifting,Machine,,,,,,,,,,Strength,Chest;Triceps,,Machine Bench Press,adopt-generated,medium,equipment Machine (new value) closes the press-machine gap,,equipment:Machine
adc07245-37d4-4a20-9925-533207bc4754,Mobility Work,outlier,true,Mobility,Recovery,Bodyweight,,,,,,,,,,Recovery,Full Body,,,keep-custom,high,recovery station,,
c2ba5880-c532-4981-8b14-da1be3e6b78f,Mountain Climber With 1 Sec Pause,core:Mountain Climber,false,Midline,Gymnastics,,,,,,,,,,Pause (1 sec) is prescription-time; base Mountain Climber row does not exist,MetCon,Core,Hip Flexors;Quads;Shoulders,Mountain Climber,rename-to:Mountain Climber,high,PROMOTED CORE: Pause is a modifier per the dictionary and drops from the name; core carries no equipment (Bodyweight;Floor is its default for name suppression only),,"core_default_equipment:Bodyweight,Floor"
d7421380-f8a8-4832-bcf9-7923c7921fa2,Muscle-up,core:Muscle-Up,true,Ring/Bar,Gymnastics,,,,,,,,,,,Skill,Core;Lats;Triceps;Upper Back,,Muscle-Up,rename-to:Muscle-Up,high,"promoted core; casing fix; family Climb -> Ring/Bar; Rings default; core carries no equipment (new convention); default ""Rings"" is name-suppression only, not identity",,core_default_equipment:Rings
01fbbe48-996b-4630-b89f-4d10d5a8ca25,Offset Reverse Lunge With Shoulder Press,outlier,false,Push/Press,Weightlifting,Kettlebell,,,,,,,,,,Strength,Glutes;Quads;Shoulders,Core;Hamstrings;Triceps,,keep-custom,high,ad-hoc combo,,
0f67fc54-8e83-48d1-b3c0-b6b62a277596,One-Arm Dumbbell Row,derives:Bent-Over Row,false,Pull,Weightlifting,Dumbbell;Bench,,,,Unilateral,,,,,,Strength,Biceps;Lats;Upper Back,,Bench Dumbbell Bent-Over Row,rename-to:Single-Arm Dumbbell Row,medium,Unilateral silent -> generated name would collide with the two-DB row; curated name required,,
327c07d2-756b-410f-8297-dd21f760779d,Overhand Curl,derives:Curl,false,Pull,Weightlifting,Dumbbell,,,,,Pronated,,,,,Strength,Biceps,Forearms / Grip,Dumbbell Curl,keep-custom,medium,"POLICY(a) curated-name child: GAP - Pronated is silent (it is the pull default), so a reverse curl generates the same name as a supinated one; DECLARED generated-name collision with Dumbbell Curl",,
47273ede-cf88-4d25-9d06-bb71ed30e14c,Overhand Grip Curl To Press,outlier,false,Pull,Weightlifting,Dumbbell,,,,,,,,,,Strength,Biceps;Shoulders,Forearms / Grip;Triceps,,keep-custom,high,ad-hoc combo,,
05cbf27a-e3df-4a9d-87e4-e1507aeb1ee2,Overhead Cable Rope Tricep Extensions,duplicate-of:Cable Rope Overhead Triceps Extension,false,Push/Press,Weightlifting,Cable,,,,,,,,,,Strength,Triceps,,,keep-custom,medium,merges into Cable Rope Overhead Triceps Extension,,
730c9097-4ef9-410d-81fc-d0e0d79113ac,Overhead Extension,derives:Triceps Extension,false,Push/Press,Weightlifting,Dumbbell,,,,,,,,,,Strength,Triceps,,Overhead Dumbbell Triceps Extension,keep-custom,medium,Arm Position Overhead,,arm_position:Overhead
b19e5060-0b0d-4214-bc03-e4cfcd78af32,Overhead Press,duplicate-of:Press,false,Push/Press,Weightlifting,Barbell,,,,,,,,,,Strength,Chest;Shoulders;Triceps,,,keep-custom,high,merges into core Press,,
884397ec-83c2-4444-9b16-592aaf8f2e7c,Overhead Squat,derives:Squat,true,Squat,Gymnastics,Barbell,Overhead,,,,,,,,,Strength,Glutes;Hamstrings;Quads,,Overhead Squat,adopt-generated,high,Overhead load position,,
2ca66465-6f3c-4a5c-b149-76238a463f05,Overspeed Band Jump,derives:Jump,false,Plyometric,Gymnastics,Bands,,,,,,,,Assisted,,Skill,Calves;Glutes;Quads,Core;Hamstrings,Assisted Bands Jump,keep-custom,medium,Bands-assisted jump,,
2aef1947-7d3b-4bc4-8ae6-6e42a4c352ba,Pigeon Stance Hip Stretch,outlier,false,Stretching,Recovery,Floor,,,,,,,,,,Stretching,Glutes;Hip Flexors,Hip Abductors,,keep-custom,high,stretching,,
95669791-297e-4913-9b20-b0bb6ae6033c,Pike Rotation,outlier,false,Mobility,Recovery,Floor,,,,,,,,,,Mobility,Core;Shoulders,Hamstrings;Obliques,,keep-custom,high,recovery/mobility,,
1325914c-6886-4cce-986a-5b08f50d0bac,Pike Walk,outlier,false,Inversion,Gymnastics,Bodyweight,,,,,,,,,,Skill,Core;Hamstrings;Shoulders,Upper Back,,keep-custom,medium,"progression toward handstand walk; scaling link, not derivation",,
ee95e859-8e5e-4346-a3b0-9869a8c7d86b,"Plank Grab, Reach, And Pull",derives:Plank,false,Midline,Weightlifting,Bodyweight;Floor,,,,,,,,,,Strength,Core,Chest;Obliques;Shoulders,Grab-Reach-Pull Plank,keep-custom,high,FLAG possible duplicate of Plank Reach - confirm with user,grab-reach-pull,variant:grab-reach-pull
a7c65e92-605a-4d37-b36e-3df8e3c92235,Plank Jacks,derives:Plank,false,Midline,Gymnastics,Bodyweight;Floor,,,,,,,,,,MetCon,Core,Hip Abductors;Shoulders,Jack Plank,keep-custom,high,plank accessory,jacks,variant:jacks
0c02557b-9688-44d6-a7ac-462a7479b9ab,Plank Pull Thru,derives:Plank,false,Midline,Weightlifting,Dumbbell;Bodyweight,,,,,,,,,,Strength,Core,Obliques;Shoulders,Dumbbell Pull-Through Plank,rename-to:Dumbbell Plank Pull-Through,high,plank accessory (DB twin of KB plank pull-through),pull-through,variant:pull-through
03603c33-ec76-42ef-8770-f1f9d41bed38,Plank Reaches,derives:Plank,false,Midline,Gymnastics,Bodyweight;Floor,,,,,,,,,,Strength,Core,Obliques;Shoulders,Reach Plank,rename-to:Plank Reach,high,plank accessory,reach,variant:reach
0b794684-532a-4a73-82fd-08af7bd4409a,Plank Rows,derives:Plank,false,Support/Hold,Weightlifting,Kettlebell;Floor,,,,,,,,,,Strength,Core;Lats,Biceps;Shoulders;Upper Back,Kettlebell Renegade-Row Plank,keep-custom,medium,bare KB+Floor would collide with the KB plank pull-through,renegade-row,variant:renegade-row
dde33be4-942f-4742-afb3-a4085881892a,Plate-Loaded Standing Hip Abduction,outlier,false,Hinge,Weightlifting,Plate,,,,,,,,,,Strength,Glutes;Hip Abductors,Quads,,keep-custom,high,activation,,
c34597a3-55a5-4756-8188-8ff85d35b4b8,Pogo Jumps,derives:Jump,false,Plyometric,Recovery,Bodyweight;Floor,,,Quarter,,,,,,,Strength;MetCon,Calves,Glutes;Quads,Quarter Jump,keep-custom,medium,retagged Recovery -> training; Quarter range,,
69d48874-e10c-4168-b167-e03955dc67d3,Power Clean,derives:Clean,true,Olympic,Weightlifting,Barbell,,,Partial,,,,,,,MetCon;Skill;Strength,Glutes;Hamstrings;Neck / Traps;Quads,Calves;Core;Forearms / Grip;Lats;Shoulders,Partial Clean,keep-custom,high,RD Partial models catch height; see the flagged Partial overload (catch height / hinge ROM / midline ROM share one value),,
a1397be9-5452-46f1-b35d-47b3e632889a,Power Snatch,derives:Snatch,true,Olympic,Weightlifting,Barbell,,,Partial,,,,,,,Strength,Full Body,Core;Forearms / Grip;Glutes;Hamstrings;Quads;Shoulders;Upper Back,Partial Snatch,keep-custom,high,power receiving depth (Partial),,
d39fb66c-749e-4b51-83d5-3e36899c2a76,Pull Ups,duplicate-of:Pull-Up,false,Pull,Weightlifting,Bar,,,,,,,,,,Strength,Biceps;Lats;Upper Back,,,keep-custom,high,merges into core Pull-Up,,
ba68ae3b-6a55-4c61-ba68-acf3ec84f8dc,Pull-to-Stand,derives:Rope Climb,true,Climb,Gymnastics,Rope;Floor,,Supine,,,,,,Assisted,,Strength,Biceps;Forearms / Grip;Lats,Core;Shoulders;Upper Back,Assisted Supine Floor Rope Climb,keep-custom,medium,"LEGACY Supine/Prone RECLASSIFIED -> Supine (seated/lying start, pulling to stand); family Pull -> Climb",,
b6439378-a400-4c51-a1fe-c3ce317970cb,Pull-Up,core:Pull-Up,true,Pull,Gymnastics,,,,,,,,,,,Strength,Biceps;Lats;Upper Back,Core;Forearms / Grip;Shoulders,Pull-Up,keep-custom,high,"keep as-is; core carries no equipment (new convention); default ""Bar"" is name-suppression only, not identity",,core_default_equipment:Bar
9d9cc729-e8a6-44e4-a91e-3b452f4260a5,Pullover With Knee Tucks,outlier,false,Pull,Weightlifting,Kettlebell,,,,,,,,,,Strength,Core;Hip Flexors;Lats,Chest;Shoulders;Triceps,,keep-custom,high,ad-hoc combo,,
e67c93de-51fb-4a50-abba-c34230ea679f,Pullups,duplicate-of:Pull-Up,false,Pull,Weightlifting,Bar,,,,,,,,,,Strength,Biceps;Lats;Upper Back,,,keep-custom,high,merges into core Pull-Up,,
c3208d4e-39bb-42c1-99d3-3e90c80fe243,Push Press,derives:Press,true,Push/Press,Weightlifting,Barbell,,,,,,,,Plyometric,,Strength,Quads;Shoulders;Triceps,Core;Glutes,Plyo Press,keep-custom,high,"Press + Plyometric (leg drive), curated name Push Press; Jerk core rejected (zero jerk rows)",,
6fe16d57-5b36-42be-828d-70270e41e912,Push-up,core:Push-Up,true,Push/Press,Gymnastics,,,,,,,,,,,Skill,Chest;Core;Triceps,,Push-Up,rename-to:Push-Up,high,"promoted core; casing fix; core carries no equipment (new convention); default ""Bodyweight;Floor"" is name-suppression only, not identity",,"core_default_equipment:Bodyweight,Floor"
b7e02387-dee4-4549-8601-eea0abdc1a89,Reverse Crunch Pulse,core:Reverse Crunch,false,Midline,Gymnastics,,,,,,,,,,"pulse = tempo, prescription-time",Strength,Core,Hip Flexors,Reverse Crunch,rename-to:Reverse Crunch,high,"NEW CORE: pelvic-flexion root - the opposite joint action to Crunch, so a separate root rather than a child; the 'Pulse' cue is a tempo modifier and drops from the name; core carries no equipment (new convention); default ""Bodyweight;Floor"" is name-suppression only, not identity",,"core_default_equipment:Bodyweight,Floor"
e74b28c0-e5f3-4366-bb3b-2611e6a62c46,Reverse Grip Pushdown,derives:Triceps Pushdown,false,Push/Press,Weightlifting,Cable,,,,,Supinated,,,,,Strength,Triceps,,Underhand Triceps Pushdown,keep-custom,high,Supinated grip orientation; world name kept,,
81de5dcb-5293-4993-a069-52991767e01f,Reverse Machine Flyes,derives:Raise,false,Pull,Weightlifting,Machine,,,,,,,,,,Strength,Shoulders;Upper Back,,Rear Machine Raise,rename-to:Reverse Machine Fly,high,Direction Rear + equipment Machine,,direction:Rear;equipment:Machine
8399fcf6-3332-4b60-a71e-029e073b9b1f,Reverse Tabletop Single-Arm Press With Opposing Leg Extension,outlier,false,Push/Press,Weightlifting,Kettlebell;Floor,,,,,,,,,,Strength,Glutes;Shoulders;Triceps,Chest;Core;Hamstrings,,keep-custom,high,ad-hoc combo,,
d07de065-5628-4634-bcaa-bc35e129f7e0,Ring Rows,core:Inverted Row,true,Pull,Gymnastics,,,,,,,,,,,Strength,Lats;Upper Back,Biceps;Core;Forearms / Grip,Inverted Row,rename-to:Inverted Row,medium,"CORRECTION 4: core noun fixed - the old core produced ""Bar Ring Row"" for its bar child; Rings is its default equipment for name suppression, ""Ring Row"" kept as an alias",,core_default_equipment:Rings
7a9c7132-88c9-47f1-afe4-2b331f0d4b7c,Romanian Deadlift,derives:Deadlift,true,Hinge,Weightlifting,Barbell,,,Partial,,,,,,,Strength,Glutes;Hamstrings,,Partial Deadlift,keep-custom,high,RD Partial models hinge ROM; see the flagged Partial overload,,
66a213ee-f78f-4b3b-a9e3-acebe97eab59,Rope Climb,core:Rope Climb,true,Climb,Gymnastics,,,,,,,,,,,Strength,Biceps;Core;Forearms / Grip;Lats,Glutes;Hip Flexors;Shoulders;Upper Back,Rope Climb,keep-custom,high,"promoted core; un-parent from Pull-Up; family Pull -> Climb; core carries no equipment (new convention); default ""Rope"" is name-suppression only, not identity",,core_default_equipment:Rope
d9d0e8db-ac00-434c-a87e-2bfc30686f00,Rope Crunches,duplicate-of:Cable Crunch,false,Midline,Weightlifting,Cable,,,,,,,,,,Strength,Core,Obliques,,keep-custom,medium,cable rope crunch; attachment is not identity and climbing-Rope was a mis-tag; merges into Cable Crunch,,
81554dea-0beb-4bd1-8824-7f75c328b695,Rotational Offset Press,derives:Press,false,Push/Press,Weightlifting,Kettlebell,,,,Offset,,,,,,Strength,Chest;Shoulders,Core;Obliques;Triceps,Kettlebell Press,keep-custom,low,rotation not expressible; may be outlier,,
914adec2-325b-4d82-a79e-f59724356c3b,Row,core:Row,true,Row,Monostructural,,,,,,,,,,,MetCon,Glutes;Hamstrings;Quads,Biceps;Core;Forearms / Grip;Lats;Upper Back,Row,keep-custom,high,"keep; the erg row (machine family); weight-room rows go to new core Bent-Over Row; core carries no equipment (new convention); default ""Rower"" is name-suppression only, not identity",,core_default_equipment:Rower
d5b54a47-6b75-4d65-9093-a21925306978,Run,core:Run,true,Run,Monostructural,,,,,,,,,,,MetCon,Calves;Glutes;Hamstrings;Quads,Core;Hip Flexors,Run,keep-custom,high,"core; current Single-Leg/Alternating seed values drop (cores carry no identity attributes); core carries no equipment (new convention); default ""Bodyweight"" is name-suppression only, not identity",,core_default_equipment:Bodyweight
2702fd09-a0d4-40c6-86e0-f42bb9ff9246,Russian Slams,outlier,false,Throw,Weightlifting,Med Ball,,,,,,,,,,Strength,Core;Obliques,Shoulders;Triceps,,keep-custom,high,"med-ball slam; single row, no Slam core",,
f6abb193-16c5-4eef-83d4-5e95b5c6ef2d,Russian Twists,core:Russian Twist,false,Midline,Gymnastics,,,,,,,,,,,Strength,Core;Obliques,Hip Flexors,Russian Twist,rename-to:Russian Twist,high,PROMOTED CORE: the revoked non-load threshold had blocked this,,"core_default_equipment:Bodyweight,Floor"
a8464567-b78d-444c-a897-c93860cf7c9f,Seal Row,derives:Bent-Over Row,false,Pull,Weightlifting,Barbell;Bench,,Prone,,,,,,,,Strength,Biceps;Lats;Upper Back,,Prone Bench Bent-Over Row,keep-custom,medium,Supine/Prone split applied: Prone (chest-down on bench),,
50d7aad5-0542-43bf-8b74-0631b67bfcad,Seated Cable Chest Fly,derives:Chest Fly,false,Push/Press,Weightlifting,Cable,,Seated,,,,,,,,Strength,Chest,Shoulders,Seated Cable Chest Fly,adopt-generated,high,Cable + Seated,,
2e1723ed-40b6-474f-be82-115f3157e15b,Seated Cable Rows,derives:Bent-Over Row,false,Pull,Weightlifting,Cable,,Seated,,,,,,,,Strength,Biceps;Lats;Upper Back,,Seated Cable Bent-Over Row,rename-to:Seated Cable Row,medium,Cable addendum; DELTA from Gate A outlier; core noun 'Bent-Over' suppressed in curated name,,
41071b35-8024-4038-a593-0a1876f19dbc,Seated Calf Raise,derives:Calf Raise,false,Activation,Weightlifting,Machine,,Seated,,,,,,,,Strength,Calves,,Seated Machine Calf Raise,keep-custom,high,equipment Machine (CORRECTION 2: repairs the empty-fingerprint core family),,equipment:Machine
fc768541-f4e9-4ca8-88d6-5522a4128371,Seated Dumbbell Press,derives:Press,false,Push/Press,Weightlifting,Dumbbell,,Seated,,,,,,,,Strength,Shoulders;Triceps,,Seated Dumbbell Press,adopt-generated,high,"bench is incidental support, not identity equipment",,
69c1541a-4d21-4384-949f-2ccb8cfc8338,Seated Leg Curls,derives:Leg Curl,false,Hinge,Weightlifting,Machine,,Seated,,,,,,,,Strength,Hamstrings,,Seated Leg Curl,keep-custom,high,equipment Machine,,equipment:Machine
8bac7714-3079-478d-86ea-acbca7df5742,Seated Mid Cable Fly,duplicate-of:Seated Cable Chest Fly,false,Push/Press,Weightlifting,Cable,,Seated,,,,,,,,Strength,Chest,Shoulders,,keep-custom,medium,fingerprint-identical to Seated Cable Chest Fly (pulley height has no attribute); explicit merge,,
da8d711e-ca00-416d-a445-39686bd83a6c,Seated Overhead Cable Curl,derives:Curl,false,Pull,Weightlifting,Cable,,Seated,,,,,,,,Strength,Biceps,Forearms / Grip,Overhead Seated Cable Curl,keep-custom,medium,Arm Position Overhead + Seated,,arm_position:Overhead
d38b3cd2-67ae-4c87-aadb-502b861d34da,Side Lateral Raise,duplicate-of:Lateral Raise,false,Midline,Weightlifting,Dumbbell,,,,,,,,,,Strength,Shoulders,,,keep-custom,high,merges into Lateral Raises,,
8ee6f215-1bbd-499b-8c75-a3c6195d8980,Side Plank Raise,derives:Plank,false,Midline,Gymnastics,Bodyweight;Floor,,,,,,,,,,Strength,Obliques,Core;Shoulders,Side Plank,keep-custom,high,Support Position Side; FLAG possible duplicate of Weighted Side Plank Dip unloaded,,support_position:Side
90379030-13ce-4cff-81bc-f48e9f53640b,Single Arm Cable Tricep Kickback,derives:Triceps Extension,false,Push/Press,Weightlifting,Cable,,,,Unilateral,,,,,,Strength,Triceps,,Behind-Body Cable Triceps Extension,rename-to:Single-Arm Cable Triceps Kickback,medium,Arm Position Behind-Body,,arm_position:Behind-Body
36dd4c3b-d00a-4e75-951d-60ed20edf1bf,Single Dumbbell Strict Press,derives:Press,false,Push/Press,Weightlifting,Dumbbell,,,,Unilateral,,,,Strict,,Strength,Shoulders,Core;Triceps,Strict Dumbbell Press,keep-custom,high,Unilateral is silent by design; custom name carries the single-bell meaning,,
2a8be090-b655-482a-9982-94e33b377af7,Single-Arm 45° Triceps Extension,derives:Triceps Extension,false,Push/Press,Weightlifting,Bodyweight,,,,Unilateral,,,,,,Strength,Triceps,Shoulders,Triceps Extension,keep-custom,medium,"POLICY(a) curated-name child: Bodyweight and Unilateral are both silent, so it generates the bare core noun; DECLARED generated-name collision with the core Triceps Extension",,
46a31718-8e74-4b71-9e1a-eb8474089261,Single-Arm Cable Fly,derives:Chest Fly,false,Push/Press,Weightlifting,Cable,,,,Unilateral,,,,,,Strength,Chest,Shoulders,Cable Chest Fly,keep-custom,medium,POLICY(a) curated-name child: Unilateral is silent; DECLARED generated-name collision with Cable Chest Fly - same treatment as One-Arm Dumbbell Row,,
9e599834-da6f-4589-8352-fe24ba2174fd,Single-Arm Cable Front Raise,derives:Raise,false,Push/Press,Weightlifting,Cable,,,,Unilateral,,,,,,Strength,Shoulders,Chest,Front Cable Raise,keep-custom,medium,Direction Front + Cable; Unilateral is silent so the world name is kept,,direction:Front
62aa20f5-669d-4b89-9da5-95a3d6784af5,Single-Arm Cable Lat Fly,derives:Lat Pulldown,false,Push/Press,Weightlifting,Cable,,,,Unilateral,,,,,,Strength,Lats,Shoulders,Straight-Arm Lat Pulldown,keep-custom,high,Straight-Arm + Unilateral; Unilateral silent so the generated name collides by NAME with Straight-Arm Lat Pulldown - fingerprints differ,,arm_position:Straight-Arm
e85c15ac-0848-4129-ba6c-dd5780f08ba4,Single-Arm Devil Press,outlier,false,Plyometric,Weightlifting,Dumbbell,,,,,,,,,,MetCon,Full Body,Core;Glutes;Quads;Shoulders;Triceps,,keep-custom,medium,burpee+snatch compound; kept outlier per approved compound rule (borderline flagged at Gate A),,
c7f2f87e-0e57-41be-9cb4-08b8670ef9d3,Single-Arm Kettlebell Row,derives:Bent-Over Row,false,Pull,Weightlifting,Kettlebell,,,,Unilateral,,,,,,Strength,Lats;Upper Back,Biceps;Core;Forearms / Grip,Kettlebell Bent-Over Row,keep-custom,high,Kettlebell + Unilateral,,
718a016a-ad31-41a8-87be-d3960103877f,Single-Arm Kickback Variations,duplicate-of:Dumbbell Triceps Kickback,false,Push/Press,Weightlifting,Dumbbell,,,,Unilateral,,,,,,Strength,Triceps,,,keep-custom,medium,junk 'Variations' import name; fingerprint-identical to Tricep Dumbbell Kickback (renamed Dumbbell Triceps Kickback); explicit merge,,
6dfbc753-9048-4a32-8a9a-3e90d3d24cd3,Single-Arm Powerbomb,outlier,false,Push/Press,Weightlifting,Bodyweight,,,,,,,,,,Strength,Triceps,,,keep-custom,low,"AMBIGUOUS dialect name, no description; triceps-tagged bodyweight row; left OUTLIER pending user confirmation",,
73c9e31f-54cf-48e7-ac2c-30bf5750ac51,Single-Arm Upright Row,outlier,false,Pull,Weightlifting,Kettlebell,,,,,,,,,,Strength,Shoulders,Biceps;Forearms / Grip;Neck / Traps,,keep-custom,medium,upright-row pattern; too few rows for a core,,
f92359e3-4f79-4ab8-88a3-d1661b22a379,Single-Leg Calf Raise,derives:Calf Raise,false,Activation,Weightlifting,Bodyweight,,Single-Leg,,Unilateral,,,,,,Strength,Calves,,Single-Leg Calf Raise,adopt-generated,high,Single-Leg stance; modality copied down from the core (was Recovery); Box/Wall seeds drop as incidental supports (the description says flat ground works),,
a4811178-fb30-4d51-82df-f0f772ffef81,Single-Leg Dumbbell Stiff-Leg Hip Opener,outlier,false,Stretching,Recovery,Dumbbell,,,,,,,,,,Mobility,Glutes;Hamstrings,Core;Hip Abductors,,keep-custom,high,mobility,,
857a839d-e12a-49f8-9e58-d39577d908bb,Single-Leg Press,derives:Leg Press,false,Squat,Weightlifting,Machine,,Single-Leg,,Unilateral,,,,,,Strength,Glutes;Quads,,Single-Leg Leg Press,keep-custom,high,equipment Machine; the generated form doubles the word Leg so the world name is kept,,equipment:Machine
6569cb89-9e99-4ab8-a92f-006cff2880c3,Single-Leg Punch,outlier,false,Mobility,Recovery,Bodyweight,,,,,,,,,,Mobility,Core;Glutes,Calves;Obliques;Shoulders,,keep-custom,high,recovery/mobility,,
98a9dbc8-e190-46be-a950-aa42853958cd,Single-Leg Stiff-Leg Belt Squat Deadlift,derives:Deadlift,false,Hinge,Weightlifting,Machine,,Single-Leg,Partial,,,,,,,Strength,Glutes;Hamstrings,Core;Quads,Partial Single-Leg Machine Deadlift,keep-custom,low,belt-squat machine -> equipment Machine; stiff-leg = Partial,,equipment:Machine
724ae756-5b28-483c-9c03-28bc160ce128,Sissy Squat,outlier,false,Squat,Weightlifting,Bodyweight,,,,,,,,,,Strength,Quads,,,keep-custom,medium,"quad accessory, not a squat-pattern derivation",,
3443dcdb-8b96-4dc2-a492-c174c0d1cedf,Sit-Up,core:Sit-Up,true,Midline,Gymnastics,,,,,,,,,,,Strength,Core,Hip Flexors,Sit-Up,keep-custom,high,"promoted core; family -> Midline; core carries no equipment (new convention); default ""Bodyweight;Floor"" is name-suppression only, not identity",,"core_default_equipment:Bodyweight,Floor"
cf044d9e-4c18-47f9-a3c9-2e0016b80fbc,Sit-Up Punch,derives:Sit-Up,false,Midline,Gymnastics,Med Ball;Floor,,,,,,,,,,Strength,Core,Shoulders;Triceps,Med Ball Sit-Up,keep-custom,low,med-ball sit-up + punch; curated; may be outlier,,
1ccf0321-0115-4602-a51e-03611208b723,Ski Erg,core:Ski,true,Ski,Monostructural,,,,,,,,,,,MetCon,Full Body,,Ski,rename-to:Ski,high,"promoted core; machine word implied like Row; core carries no equipment (new convention); default ""Ski"" is name-suppression only, not identity",,core_default_equipment:Ski
05d652c8-5c69-40d6-87ed-f543eac37b78,Skull Crusher,derives:Triceps Extension,false,Push/Press,Weightlifting,Dumbbell;Bench,,Supine,,,,,,,,Strength,Triceps,,Supine Bench Dumbbell Triceps Extension,keep-custom,high,Supine stance + Bench; 'Skull Crusher' is the world's name,,
a7f5a707-29a1-4b68-ac0a-237b4148c8c1,Smith Machine Bent Over Row,derives:Bent-Over Row,false,Pull,Weightlifting,Smith Machine,,,,,,,,,,Strength,Biceps;Lats;Upper Back,,Smith Machine Bent-Over Row,adopt-generated,medium,Smith Machine addendum; DELTA from Gate A outlier,,
470008aa-67df-4d72-b74b-aff43b4d3ec6,Snatch,core:Snatch,true,Olympic,Weightlifting,,,,,,,,,,,Strength,Full Body;Quads;Shoulders,,Snatch,keep-custom,high,"promote; parallel to Clean; Power/KB-Hang derive; core carries no equipment (new convention); default ""Barbell"" is name-suppression only, not identity",,core_default_equipment:Barbell
8917ee9c-60e6-4507-9031-982e51866f2b,Spanish Squat Hold,derives:Squat,false,Squat,Recovery,Bands,,,,,,,,,,Strength;Recovery,Quads,,Bands Squat,keep-custom,high,band-resisted squat; isometric is a modifier per the dictionary; Floor dropped as incidental,,
dd9c3d1a-c913-438b-93c9-df78b68e6bc5,Spider Plank,derives:Mountain Climber,false,Midline,Gymnastics,Bodyweight;Floor,,,,,,,,,,Strength,Core;Obliques,Hip Flexors;Shoulders,Spider Mountain Climber,keep-custom,high,"moved from Plank to Mountain Climber: it is a slow climber, and it keeps Plank inside the 6-variant cap",spider,variant:spider
840080d9-21bd-47b2-846f-d3f62283eb6b,Split Squat Kettlebell Swing,derives:Swing,false,Swing,Weightlifting,Kettlebell,,Split,,,,,,,,Strength,Glutes;Hamstrings;Quads,Core;Forearms / Grip,Split Swing,keep-custom,medium,Split stance swing,,
1cd3ad50-d9c5-439b-8dcc-590bb1887d50,Squat,core:Squat,true,Squat,Gymnastics,,,,,,,,,,,Strength,Glutes;Hamstrings;Quads,Core;Lower Back,Squat,keep-custom,high,"keep as-is; core carries no equipment (new convention); default ""Bodyweight"" is name-suppression only, not identity",,core_default_equipment:Bodyweight
cb7af18c-9e72-4cd4-96ee-9ce28dc4e323,Squat Crunch,outlier,false,Mobility,Recovery,Bodyweight,,,,,,,,,,Mobility,Core;Quads,Glutes;Hip Flexors;Obliques,,keep-custom,high,recovery/mobility,,
f0f4178f-9ac9-4103-84b2-28b089c955b2,Standing Bicep Cable Curls,duplicate-of:Cable Curl,false,Pull,Weightlifting,Cable,,,,,,,,,,Strength,Biceps,,,keep-custom,high,fingerprint-identical to Cable Curl (standing is the default stance); explicit merge,,
98e1ca9d-4297-480a-b06b-7f2b8e7a276f,Standing Calf Raises,core:Calf Raise,false,Activation,Weightlifting,,,,,,,,,,,Strength,Calves,,Calf Raise,rename-to:Calf Raise,high,"NEW CORE: plantarflexion root; standing / bilateral / bodyweight is its silent default; the Dumbbell seed drops (external load is prescription-level); core carries no equipment (new convention); default ""Bodyweight"" is name-suppression only, not identity",,core_default_equipment:Bodyweight
699f4531-54ec-4fc4-bf92-edb7dad770eb,Standing Military Press,duplicate-of:Press,false,Push/Press,Weightlifting,Barbell,,,,,,,,,,Strength,Core;Shoulders;Triceps,,,keep-custom,high,merges into core Press,,
d34024ef-20d6-4491-a0fa-ca680ff3cdfa,Static Squat Single-Arm Rows,derives:Bent-Over Row,false,Pull,Weightlifting,Kettlebell,,Squat-Hold,,Unilateral,,,,,static squat hold is prescription-time framing,Strength,Lats;Quads;Upper Back,Biceps;Core;Glutes,Squat-Hold Kettlebell Bent-Over Row,rename-to:Static Squat Single-Arm Row,medium,stance Squat-Hold (new value),,stance:Squat-Hold
c0e25bfc-9bb9-43bd-9b92-15a0668cb630,Stiff-Legged Dumbbell Deadlift (Dumbbell Romanian Deadlift),derives:Deadlift,false,Hinge,Weightlifting,Dumbbell,,,Partial,,,,,,,Strength,Glutes;Hamstrings;Lower Back,,Partial Dumbbell Deadlift,rename-to:Dumbbell Romanian Deadlift,high,import name cleaned to the world's name,,
80bb759f-7e67-4d02-be05-87c680809e17,Straight Arm Cable Rope Lat Pulldown,derives:Lat Pulldown,false,Pull,Weightlifting,Cable,,,,,,,,,,Strength,Lats,Triceps;Upper Back,Straight-Arm Lat Pulldown,rename-to:Straight-Arm Lat Pulldown,high,Arm Position Straight-Arm expresses the shoulder-extension difference the prior pass could not,,arm_position:Straight-Arm
87b6fb0f-2d5e-40b0-a198-67611fbec811,Stretch,outlier,true,Stretching,Recovery,Bodyweight,,,,,,,,,,Recovery,Full Body,,,keep-custom,high,recovery station,,
4a7438df-8bee-4a3e-802a-72bee480df66,Strict Press,core:Press,true,Push/Press,Weightlifting,,,,,,,,,,,Strength,Shoulders;Triceps,,Press,rename-to:Press,high,"RENAME to Press; strict is the default execution; 'Strict Press' kept as alias; core carries no equipment (new convention); default ""Barbell"" is name-suppression only, not identity",,core_default_equipment:Barbell
a8db17c7-f05c-4129-9591-5742c19ac5d2,Sumo Deadlift,derives:Deadlift,true,Hinge,Weightlifting,Barbell,,Wide (Sumo),,,,,,,,Strength,Glutes;Hamstrings;Hip Adductors;Quads,,Wide-Stance Deadlift,keep-custom,high,the designed curated override for Wide-Stance Deadlift,,
4055eaf8-3df8-4865-a5da-3b31bb18a6e4,Sumo RDL To Lateral Lunge Clean,outlier,false,Lunge,Weightlifting,Kettlebell,,,,,,,,,,Strength,Glutes;Hamstrings;Quads,Core;Hip Abductors;Hip Adductors;Shoulders,,keep-custom,high,ad-hoc combo,,
b858f251-3ff4-42b5-841d-3333814c37a1,Supine Cable Pullover Crunch,derives:Crunch,false,Pull,Weightlifting,Cable,,Supine,,,,,,,,Strength,Core,Lats,Supine Cable Crunch,keep-custom,high,Supine stance is what separates it from Cable Crunch,,
3d244541-04d3-4ff6-943e-ccd8517d5b7f,Swimming,core:Swim,true,Swim,Monostructural,,,,,,,,,,,MetCon,Full Body,,Swim,rename-to:Swim,high,"promoted core; renamed to the family noun; core carries no equipment (new convention); default ""Bodyweight"" is name-suppression only, not identity",,core_default_equipment:Bodyweight
58473898-f9ae-4a32-98bd-28ecc5896919,Tall Kneeling Offset Press,derives:Press,false,Push/Press,Weightlifting,Kettlebell,,Kneeling,,Offset,,,,,,Strength,Core;Shoulders,Obliques;Triceps,Kneeling Kettlebell Press,keep-custom,medium,Kneeling stance + Offset symmetry,,
af2be311-05fd-452c-9aa4-50e02d217983,Thruster,core:Thruster,true,Squat,Weightlifting,,,,,,,,,,,MetCon,Full Body;Quads;Shoulders,,Thruster,keep-custom,high,"promoted core (compound rule); family Throw -> Squat; core carries no equipment (new convention); default ""Barbell"" is name-suppression only, not identity",,core_default_equipment:Barbell
7daf1c99-796b-4f19-96f0-3076ba8fcb78,Tibialis Wall Raises,outlier,false,Activation,Recovery,Wall;Floor,,,,,,,,,,Recovery,Calves,,,keep-custom,high,un-parent from Lunge (misfile); activation,,
7baeaa57-c6d2-4f02-ab50-3abe3d9878ef,Toe Tap Crunch,derives:Crunch,false,Midline,Gymnastics,Bodyweight;Floor,,,,,,,,,,Strength,Core,Hip Flexors,Toe-Tap Crunch,adopt-generated,high,variant toe-tap: legs-vertical reach has no attribute,toe-tap,variant:toe-tap
17b26fd8-f8f9-44d3-972e-08f478fa59fa,Toe Taps,derives:Leg Raise,false,Midline,Weightlifting,Med Ball,,,,,,,,,,Strength,Core,Hip Flexors,Med Ball Leg Raise,keep-custom,high,assumes supine med-ball toe taps - VERIFY with user,,
3122cd2f-a71d-4a7a-a763-ca90ad843690,Toe-Driver,outlier,false,Midline,Gymnastics,Bodyweight;Floor,,,,,,,,,,MetCon,Core,Hip Flexors,,keep-custom,high,midline accessory,,
acf0800c-631d-4a1a-ba32-c1a477ab715e,Toes-to-Bar,core:Toes-to-Bar,true,Midline,Gymnastics,,,,,,,,,,,Skill,Core;Hip Flexors,,Toes-to-Bar,keep-custom,high,"promoted core; core carries no equipment (new convention); default ""Bar"" is name-suppression only, not identity",,core_default_equipment:Bar
a6df346d-ef81-4928-97b6-56c0ff298dc8,Trap Bar Deadlift,derives:Deadlift,true,Hinge,Weightlifting,Trap Bar,,,,,,,,,,Strength,Forearms / Grip;Glutes;Hamstrings;Quads,,Trap Bar Deadlift,adopt-generated,high,Trap Bar equipment,,
99a6149d-3c0f-46be-85c5-ddeddbed92ab,Treadmill Run,derives:Run,false,Run,Monostructural,Treadmill,,,,,,,,,,MetCon,Calves;Full Body;Quads,,Treadmill Run,adopt-generated,high,Treadmill equipment,,
8de37301-d912-428a-b434-4ac641b79cb0,Tricep Dumbbell Kickback,derives:Triceps Extension,false,Push/Press,Weightlifting,Dumbbell,,,,Unilateral,,,,,,Strength,Triceps,,Behind-Body Dumbbell Triceps Extension,rename-to:Dumbbell Triceps Kickback,medium,Arm Position Behind-Body,,arm_position:Behind-Body
1158ba0c-c803-4e91-8716-08ff2f692e75,Tricep Push Up,derives:Push-Up,false,Push/Press,Weightlifting,Bodyweight;Floor,,,,,,Close,,,,Strength,Triceps,Chest;Core;Shoulders,Close-Grip Push-Up,rename-to:Close-Grip Push-Up,medium,"CORRECTION 6: un-merged from Crush Push Ups - the diamond push-up is a real Close-grip child, not a duplicate",,
328c34a9-af1e-433e-bde0-a19b5f71fddc,Tricep Pushdown,core:Triceps Pushdown,false,Push/Press,Weightlifting,,,,,,,,,,,Strength,Triceps,,Triceps Pushdown,rename-to:Triceps Pushdown,high,"NEW CORE, deliberately SEPARATE from Triceps Extension: every pushdown row and the overhead-extension rows are all Cable-equipped, so one root would make 'Cable Triceps Extension' ambiguous (humerus position has no attribute); Cable is its silent default; core carries no equipment (new convention); default ""Cable"" is name-suppression only, not identity",,core_default_equipment:Cable
1536fb82-ead3-41f4-b9d8-e2f9575213b6,Tricep Pushdown - Rope Attachment,duplicate-of:Triceps Pushdown,false,Push/Press,Weightlifting,Cable,,,,,,,,,,Strength,Triceps,,,keep-custom,medium,merges into the core Triceps Pushdown; attachment is not identity,,
cb22657b-7dd7-422d-bebb-4f5f7b63f6cb,Triceps Extension,core:Triceps Extension,false,Push/Press,Weightlifting,,,,,,,,,,,Strength,Triceps,,Triceps Extension,keep-custom,high,"NEW CORE: implement-agnostic elbow-extension root; the Kettlebell seed drops (cores carry no identity attributes); accessory core; core carries no equipment (new convention); default ""none"" is name-suppression only, not identity",,core_default_equipment:(none)
81cae4a9-327f-442f-860b-1f7bdaf47c7c,Trunk Twists,outlier,false,Mobility,Recovery,Bodyweight,,,,,,,,,,Mobility,Core;Obliques,Lower Back,,keep-custom,high,recovery/mobility,,
3177e399-ae13-48b1-a6b7-d650f28301c6,Underhand Lat Pulldown,derives:Lat Pulldown,false,Pull,Weightlifting,Cable,,,,,Supinated,,,,,Strength,Biceps;Lats,,Underhand Lat Pulldown,adopt-generated,high,Supinated grip orientation,,
202c394f-a35e-41d5-9ceb-bf00b0d88c1e,V Sit Halos,derives:Halo,false,Rotation,Weightlifting,Kettlebell,,V-Sit,,,,,,,,Strength,Core;Shoulders,Hip Flexors;Upper Back,V-Sit Halo,adopt-generated,high,stance V-Sit; Floor dropped as incidental support (stance implies the ground),,stance:V-Sit
1e847c3a-5aa6-4078-a9a6-9f3008357f34,V Sit Shoulder Press,derives:Press,false,Push/Press,Weightlifting,Kettlebell,,V-Sit,,,,,,,,Strength,Core;Shoulders,Hip Flexors;Triceps,V-Sit Kettlebell Press,keep-custom,medium,stance V-Sit - V-sit IS a stance now,,stance:V-Sit
1b23327e-ee6f-4fa3-9506-eca752b40b0b,V-Bar Pullup,derives:Pull-Up,false,Pull,Gymnastics,Bar,,,,,Neutral,,,,,Strength,Biceps;Lats;Upper Back,,Neutral-Grip Pull-Up,adopt-generated,medium,V-bar = Neutral grip orientation; adopt 'Neutral-Grip Pull-Up',,
11f667e1-0141-4578-a801-8631d7065ccc,V-Sit Press Outs,derives:Press,false,Push/Press,Weightlifting,Dumbbell,,V-Sit,,,,,,Crush,,Strength,Core,Hip Flexors;Shoulders,Crush V-Sit Dumbbell Press,keep-custom,high,stance V-Sit + style Crush,,stance:V-Sit;style:Crush
0fe6557d-00c5-45e9-8897-eac172544b67,V-Ups,core:V-Up,true,Midline,Gymnastics,,,,,,,,,,,Strength,Core,Hip Flexors,V-Up,rename-to:V-Up,medium,PROMOTED CORE: resolves the declared Sit-Up fingerprint collision and gives Weighted Single Side V-Ups a home,,"core_default_equipment:Bodyweight,Floor"
2566a7b5-c7c3-43d2-a1ef-16f438a67e4c,Waiter's Carry,derives:Carry,true,Carry,Weightlifting,Kettlebell,Waiter,,,,,,,,,Strength,Core;Shoulders,Forearms / Grip;Obliques;Upper Back,Kettlebell Waiter Carry,keep-custom,high,Waiter load position (added for this row); world name kept,,
5dd834e6-02c3-4e01-b472-efbe8d32fa53,Walkout Push-up,derives:Push-Up,false,Push/Press,Recovery,Bodyweight;Floor,,,,,,,,,,Mobility,Chest;Triceps,Core;Shoulders,Walkout Push-Up,adopt-generated,medium,inchworm walkout; variant label,walkout,variant:walkout
8ea85d89-3a42-4f39-8930-8884300a77a6,Wall Balls,core:Wall Ball,true,Throw,Weightlifting,,,,,,,,,,,MetCon,Full Body;Quads;Shoulders,,Wall Ball,rename-to:Wall Ball,high,"promoted core; singularized; equipment normalized wall_ball/medicine_ball -> Med Ball; core carries no equipment (new convention); default ""Med Ball;Wall"" is name-suppression only, not identity",,"core_default_equipment:Med Ball,Wall"
8e470f94-2005-4870-a22b-976ddaf00a95,Wall Walk,outlier,true,Inversion,Gymnastics,Bodyweight;Wall;Floor,,,,,,,,,,Skill,Core;Shoulders,Chest;Triceps,,keep-custom,medium,"first-class sport movement (Open); outlier by attributes, scaling link to Handstand Walk",,
20ca987f-cb4f-4923-bc64-a5d9704186f4,Weighted Dips,derives:Dip,false,Push/Press,Gymnastics,Bodyweight,,,,,,,,Weighted,,Strength,Chest;Triceps,,Weighted Dip,adopt-generated,high,adopt 'Weighted Dip' (singular),,
316c08a4-4e36-4c85-844c-0c4c995a2738,Weighted Leg Raise,derives:Leg Raise,false,Midline,Weightlifting,Dumbbell,,,,,,,,Weighted,,Strength,Core;Hip Flexors,Obliques,Weighted Dumbbell Leg Raise,keep-custom,high,Weighted style - the row the revoked threshold killed,,
d33b0543-61ea-454e-9eec-92c1e9844376,Weighted Pull-Up,derives:Pull-Up,false,Pull,Gymnastics,Bar,,,,,,,,Weighted,,Strength,Lats;Upper Back,Biceps;Core;Forearms / Grip,Weighted Pull-Up,adopt-generated,high,Weighted style,,
d65c63d0-36dc-4b3c-9a62-c51af99c2e9d,Weighted Russian Twist,derives:Russian Twist,false,Midline,Weightlifting,Dumbbell,,,,,,,,Weighted,,Strength,Obliques,Core;Hip Flexors,Weighted Dumbbell Russian Twist,keep-custom,high,Weighted style - the row the revoked threshold killed,,
de836d7f-a1a6-421e-ace6-5f511707daa9,Weighted Side Plank Dip,derives:Plank,false,Push/Press,Weightlifting,Dumbbell;Bodyweight,,,,,,,,Weighted,,Strength,Obliques,Core;Shoulders,Weighted Side Dumbbell Plank,keep-custom,high,Support Position Side + Weighted,,support_position:Side
93d90bed-d91b-4c22-aa3c-94438cfcbc26,Weighted Single Side V-Ups,derives:V-Up,false,Midline,Weightlifting,Dumbbell;Bodyweight,,,,Unilateral,,,,Weighted,,Strength,Core;Obliques,Hip Flexors,Weighted Dumbbell V-Up,keep-custom,medium,v-up accessory variant; too specific to derive,,
2f05705b-6812-47e1-b1bc-4faf873fa826,Weighted Sit-Up,derives:Sit-Up,false,Midline,Gymnastics,Dumbbell;Floor,,,,,,,,Weighted,,Strength,Core,Hip Flexors,Weighted Dumbbell Sit-Up,keep-custom,high,generated would append the incidental implement (Dumbbell); plain 'Weighted Sit-Up' kept,,
d982a88b-f31e-446a-af91-4a6749548518,Weighted Toe Tap Crunches,derives:Crunch,false,Midline,Weightlifting,Dumbbell;Bodyweight,,,,,,,,Weighted,,Strength,Core,Hip Flexors,Weighted Dumbbell Toe-Tap Crunch,rename-to:Weighted Toe Tap Crunch,high,bucket A (fp unique on Dumbbell+Weighted); carries the toe-tap label for correct parenting under Toe-Tap Crunch,toe-tap,variant:toe-tap
e87d9cc5-a455-4feb-80be-81c42a384e8e,Wide Grip Bench Press,derives:Bench Press,false,Push/Press,Weightlifting,Barbell;Bench,,,,,,Wide,,,,Strength,Chest;Shoulders;Triceps,,Wide-Grip Bench Press,adopt-generated,high,Wide grip width,,
52cc2745-0e31-436f-9468-573ee6a70882,Wide Grip Lat Pulldown,derives:Lat Pulldown,false,Pull,Weightlifting,Cable,,,,,,Wide,,,,Strength,Lats;Upper Back,,Wide-Grip Lat Pulldown,adopt-generated,high,NEW CORE 'Lat Pulldown' is a NEW ROW (same pattern as Carry / Bent-Over Row) - no plain pulldown row exists; Cable is its silent default; Wide grip width,,
13367306-3bf6-4e97-a597-5c2f815f59f0,Wide Grip Pull Ups,derives:Pull-Up,false,Pull,Gymnastics,Bar,,,,,,Wide,,,,Strength,Lats;Upper Back,Biceps;Forearms / Grip,Wide-Grip Pull-Up,adopt-generated,high,Wide grip width (dictionary's own example),,
bbf6d999-de07-479f-9dcc-a5b9d8a1dff1,Wide Grip Seated Row,derives:Bent-Over Row,false,Pull,Weightlifting,Cable,,Seated,,,,Wide,,,,Strength,Upper Back,Biceps;Lats,Wide-Grip Seated Cable Bent-Over Row,rename-to:Wide-Grip Seated Cable Row,medium,Cable addendum; DELTA from Gate A outlier,,
a63d62b8-f932-4fe2-815c-d4d5489d4d87,Wide Stance Snatch Grip Deadlift,derives:Deadlift,false,Hinge,Weightlifting,Barbell,,Wide (Sumo),,,,Wide,,,,Strength,Glutes;Hamstrings;Lower Back,,Wide-Grip Wide-Stance Deadlift,keep-custom,medium,snatch grip = Wide grip width; world phrasing kept,,
a67b404b-fd60-4a25-b578-33b8783bc1fa,Wide Stance Squat,derives:Squat,false,Squat,Gymnastics,Barbell,Back,Wide (Sumo),,,,,,,,Strength,Glutes;Hip Adductors;Quads,,Wide-Stance Back Squat,adopt-generated,medium,import; assumed barbell back-rack wide squat,,
de507736-f4e7-4083-8a8f-48795c4cb9d9,Windmill,outlier,false,Mobility,Recovery,Bodyweight,,,,,,,,,,Mobility,Obliques;Shoulders,Core;Glutes;Hamstrings,,keep-custom,high,recovery/mobility,,
225badb2-a9ac-43e0-897a-16e4023a3fdf,Windshield Wipers,outlier,false,Mobility,Recovery,Floor,,,,,,,,,,Mobility,Core;Obliques,Hip Flexors;Lower Back,,keep-custom,high,recovery/mobility,,
b8793729-fa21-4b33-b0b6-49a88211379f,Yoga Squat To Reach,outlier,false,Mobility,Recovery,Bodyweight,,,,,,,,,,Mobility,Quads;Shoulders,Glutes;Upper Back,,keep-custom,high,recovery/mobility,,
2dd8abdf-ddb3-4733-a959-ae5a389f62fb,Zercher Pin Squat,derives:Squat,false,Squat,Gymnastics,Barbell,Zercher,,Lockout Only,,,,,,,Strength,Glutes;Quads,Core;Upper Back,Lockout Zercher Squat,keep-custom,medium,pin = Lockout range; 'Pin Squat' is the world's name,,
