section,display_name,generated_name,derived_from,parent,tier,movements_tab,family,modality,equipment,load_position,stance,range_depth,symmetry,grip,grip_width,bench_angle,styles,direction,support,arm_position,variant,aliases,goals,primary_muscles,secondary_muscles,prescription_modifiers,confidence,needs_confirmation,note
core,Bench Press,Bench Press,,,0,yes,Push/Press,Weightlifting,,,,,,,,,,,,,,Barbell Bench Press (Medium Grip),Strength,"Chest, Shoulders, Triceps",,,high,,"promoted core; Barbell+Bench are its silent default equipment (mirrors load-position implication); core carries no equipment (new convention); default ""Barbell;Bench"" is name-suppression only, not identity"
core,Bent-Over Row,Bent-Over Row,,,0,yes,Pull,Weightlifting,,,,,,,,,,,,,,Barbell Row; Bent Over Barbell Row,,,,,high,,new core row (core default equipment: Barbell)
core,Bike,Bike,,,0,yes,Bike,Monostructural,,,,,,,,,,,,,,,MetCon,Full Body,,,high,,"promoted core; assault_bike tag folds into Bike (Q6); Assault/Echo stay aliases; core carries no equipment (new convention); default ""Bike"" is name-suppression only, not identity"
core,Burpee,Burpee,,,0,yes,Plyometric,Gymnastics,,,,,,,,,,,,,,Bodyweight Burpee; Chest-to-Ground Burpee; Standard Burpee,MetCon,"Chest, Core, Glutes, Quads, Shoulders","Calves, Hamstrings, Lower Back, Triceps",,high,,"promoted core; un-parent from Squat; family Squat -> Plyometric; core carries no equipment (new convention); default ""Bodyweight;Floor"" is name-suppression only, not identity"
core,Carry,Carry,,,0,yes,Carry,Weightlifting,,,,,,,,,,,,,,,,,,,high,,new core row (core default equipment: none)
core,Clean,Clean,,,0,yes,Olympic,Weightlifting,,,,,,,,,,,,,,Barbell Clean; Full Clean; Squat Clean,"Skill, Strength","Glutes, Hamstrings, Neck / Traps, Quads","Calves, Core, Forearms / Grip, Lats, Shoulders",,high,,"keep as-is; core carries no equipment (new convention); default ""Barbell"" is name-suppression only, not identity"
core,Deadlift,Deadlift,,,0,yes,Hinge,Weightlifting,,,,,,,,,,,,,,Barbell Deadlift; Conventional Deadlift,Strength,"Glutes, Hamstrings, Lower Back","Core, Forearms / Grip, Upper Back",,high,,"keep as-is; core carries no equipment (new convention); default ""Barbell"" is name-suppression only, not identity"
core,Dip,Dip,,,0,yes,Push/Press,Gymnastics,,,,,,,,,,,,,,Dip Or Seated Machine Dip; Dips; Dips - Tricep Version,Skill,"Chest, Shoulders, Triceps",,,high,,"promoted core; dip station implied by Bodyweight (no station equipment value); core carries no equipment (new convention); default ""Bodyweight"" is name-suppression only, not identity"
core,Handstand Push-Up,Handstand Push-Up,,,0,yes,Push/Press,Gymnastics,,,,,,,,,,,,,,Handstand Push-up,Skill,"Core, Shoulders, Triceps",,,high,,"promoted core; casing fix; wall implied for standard HSPU; core carries no equipment (new convention); default ""Bodyweight;Wall"" is name-suppression only, not identity"
core,Handstand Walk,Handstand Walk,,,0,yes,Inversion,Gymnastics,,,,,,,,,,,,,,,Skill,"Core, Shoulders",,,medium,,"promoted core; 0 derivers today (root locomotion skill, Run/Row precedent); core carries no equipment (new convention); default ""Bodyweight;Floor"" is name-suppression only, not identity"
core,Inverted Row,Inverted Row,,,0,yes,Pull,Gymnastics,,,,,,,,,,,,,,Ring Rows,Strength,"Lats, Upper Back","Biceps, Core, Forearms / Grip",,medium,,"CORRECTION 4: core noun fixed - the old core produced ""Bar Ring Row"" for its bar child; Rings is its default equipment for name suppression, ""Ring Row"" kept as an alias"
core,Jump,Jump,,,0,yes,Plyometric,Gymnastics,,,,,,,,,,,,,,Basic Jump; Bodyweight Jump; Vertical Jump,"MetCon, Skill","Calves, Glutes, Hamstrings, Quads","Core, Hip Flexors, Lower Back",,high,,"keep as-is; core carries no equipment (new convention); default ""Bodyweight;Floor"" is name-suppression only, not identity"
core,Jump Rope,Jump Rope,,,0,yes,Rope,Monostructural,,,,,,,,,,,,,,,MetCon,"Calves, Full Body",,,high,,"promoted core; new Jump Rope equipment (approved); core carries no equipment (new convention); default ""Jump Rope"" is name-suppression only, not identity"
core,Lunge,Lunge,,,0,yes,Lunge,Gymnastics,,,,,,,,,,,,,,Bodyweight Lunge; Forward Lunge; Statonary Lunge,Strength,"Glutes, Hamstrings, Quads","Calves, Core, Hip Flexors",,high,,"keep as-is; core carries no equipment (new convention); default ""Bodyweight"" is name-suppression only, not identity"
core,Muscle-Up,Muscle-Up,,,0,yes,Ring/Bar,Gymnastics,,,,,,,,,,,,,,Muscle-up,Skill,"Core, Lats, Triceps, Upper Back",,,high,,"promoted core; casing fix; family Climb -> Ring/Bar; Rings default; core carries no equipment (new convention); default ""Rings"" is name-suppression only, not identity"
core,Press,Press,,,0,yes,Push/Press,Weightlifting,,,,,,,,,,,,,,Military Press; Overhead Press; Overhead Press (Strict); Shoulder Press; Standing Military Press; Strict Press,Strength,"Shoulders, Triceps",,,high,,"RENAME to Press; strict is the default execution; 'Strict Press' kept as alias; core carries no equipment (new convention); default ""Barbell"" is name-suppression only, not identity"
core,Pull-Up,Pull-Up,,,0,yes,Pull,Gymnastics,,,,,,,,,,,,,,Bodyweight Pull-Up; Dead-Hang Pull-Up; Pull Ups; Pullups; Strict Pull-Up,Strength,"Biceps, Lats, Upper Back","Core, Forearms / Grip, Shoulders",,high,,"keep as-is; core carries no equipment (new convention); default ""Bar"" is name-suppression only, not identity"
core,Push-Up,Push-Up,,,0,yes,Push/Press,Gymnastics,,,,,,,,,,,,,,Push-up,Skill,"Chest, Core, Triceps",,,high,,"promoted core; casing fix; core carries no equipment (new convention); default ""Bodyweight;Floor"" is name-suppression only, not identity"
core,Rope Climb,Rope Climb,,,0,yes,Climb,Gymnastics,,,,,,,,,,,,,,RX Rope Climb; Rope Ascent; Standard Rope Climb,Strength,"Biceps, Core, Forearms / Grip, Lats","Glutes, Hip Flexors, Shoulders, Upper Back",,high,,"promoted core; un-parent from Pull-Up; family Pull -> Climb; core carries no equipment (new convention); default ""Rope"" is name-suppression only, not identity"
core,Row,Row,,,0,yes,Row,Monostructural,,,,,,,,,,,,,,Concept2 Row; Indoor Row; Row Erg,MetCon,"Glutes, Hamstrings, Quads","Biceps, Core, Forearms / Grip, Lats, Upper Back",,high,,"keep; the erg row (machine family); weight-room rows go to new core Bent-Over Row; core carries no equipment (new convention); default ""Rower"" is name-suppression only, not identity"
core,Run,Run,,,0,yes,Run,Monostructural,,,,,,,,,,,,,,Distance Run; Road Run; Running; Track Run,MetCon,"Calves, Glutes, Hamstrings, Quads","Core, Hip Flexors",,high,,"core; current Single-Leg/Alternating seed values drop (cores carry no identity attributes); core carries no equipment (new convention); default ""Bodyweight"" is name-suppression only, not identity"
core,Sit-Up,Sit-Up,,,0,yes,Midline,Gymnastics,,,,,,,,,,,,,,,Strength,Core,Hip Flexors,,high,,"promoted core; family -> Midline; core carries no equipment (new convention); default ""Bodyweight;Floor"" is name-suppression only, not identity"
core,Ski,Ski,,,0,yes,Ski,Monostructural,,,,,,,,,,,,,,Ski Erg,MetCon,Full Body,,,high,,"promoted core; machine word implied like Row; core carries no equipment (new convention); default ""Ski"" is name-suppression only, not identity"
core,Snatch,Snatch,,,0,yes,Olympic,Weightlifting,,,,,,,,,,,,,,,Strength,"Full Body, Quads, Shoulders",,,high,,"promote; parallel to Clean; Power/KB-Hang derive; core carries no equipment (new convention); default ""Barbell"" is name-suppression only, not identity"
core,Squat,Squat,,,0,yes,Squat,Gymnastics,,,,,,,,,,,,,,Air Squat,Strength,"Glutes, Hamstrings, Quads","Core, Lower Back",,high,,"keep as-is; core carries no equipment (new convention); default ""Bodyweight"" is name-suppression only, not identity"
core,Swim,Swim,,,0,yes,Swim,Monostructural,,,,,,,,,,,,,,Swimming,MetCon,Full Body,,,high,,"promoted core; renamed to the family noun; core carries no equipment (new convention); default ""Bodyweight"" is name-suppression only, not identity"
core,Swing,Swing,,,0,yes,Swing,Weightlifting,,,,,,,,,,,,,,American Kettlebell Swing (Overhead); Kettlebell Swing; Russian Kettlebell Swing,MetCon,"Core, Glutes, Hamstrings, Lower Back",,,high,,"promote + RENAME to Swing; un-parent from Deadlift; family Hinge -> Swing; 'Kettlebell Swing' becomes its generated KB name/alias; current Hang/Partial seed values drop (core carries no identity attributes); core carries no equipment (new convention); default ""Kettlebell"" is name-suppression only, not identity"
core,Thruster,Thruster,,,0,yes,Squat,Weightlifting,,,,,,,,,,,,,,,MetCon,"Full Body, Quads, Shoulders",,,high,,"promoted core (compound rule); family Throw -> Squat; core carries no equipment (new convention); default ""Barbell"" is name-suppression only, not identity"
core,Toes-to-Bar,Toes-to-Bar,,,0,yes,Midline,Gymnastics,,,,,,,,,,,,,,,Skill,"Core, Hip Flexors",,,high,,"promoted core; core carries no equipment (new convention); default ""Bar"" is name-suppression only, not identity"
core,V-Up,V-Up,,,0,yes,Midline,Gymnastics,,,,,,,,,,,,,,V-Ups,Strength,Core,Hip Flexors,,medium,,PROMOTED CORE: resolves the declared Sit-Up fingerprint collision and gives Weighted Single Side V-Ups a home
core,Wall Ball,Wall Ball,,,0,yes,Throw,Weightlifting,,,,,,,,,,,,,,Wall Balls,MetCon,"Full Body, Quads, Shoulders",,,high,,"promoted core; singularized; equipment normalized wall_ball/medicine_ball -> Med Ball; core carries no equipment (new convention); default ""Med Ball;Wall"" is name-suppression only, not identity"
core,Around the World,Around the World,,,0,,Rotation,Gymnastics,,,,,,,,,,,,,,Around The Worlds,Strength,"Core, Obliques",Shoulders,,high,,PROMOTED CORE
core,Calf Raise,Calf Raise,,,0,,Activation,Weightlifting,,,,,,,,,,,,,,Standing Calf Raises,Strength,Calves,,,high,,"NEW CORE: plantarflexion root; standing / bilateral / bodyweight is its silent default; the Dumbbell seed drops (external load is prescription-level); core carries no equipment (new convention); default ""Bodyweight"" is name-suppression only, not identity"
core,Chest Fly,Chest Fly,,,0,,Push/Press,Weightlifting,,,,,,,,,,,,,,Dumbbell Chest Fly,Strength,Chest,Shoulders,,high,,"NEW CORE: horizontal-adduction root; Dumbbell;Bench are its silent default equipment (mirrors Bench Press); named 'Chest Fly' so rear-delt and lat flies stay outside it; core carries no equipment (new convention); default ""Dumbbell;Bench"" is name-suppression only, not identity"
core,Crunch,Crunch,,,0,,Midline,Gymnastics,,,,,,,,,,,,,,Crunches,Strength,Core,,,high,,"NEW CORE: partial-ROM thoracic-flexion root; still deliberately NOT a Sit-Up derivation (that Gate A ruling stands); accessory core; core carries no equipment (new convention); default ""Bodyweight;Floor"" is name-suppression only, not identity"
core,Curl,Curl,,,0,,Pull,Weightlifting,,,,,,,,,,,,,,Barbell Curl,Strength,Biceps,,,high,,"NEW CORE (corrected principle): derivation root for the 17-row curl cluster; Barbell is its silent default equipment (mirrors Bench Press); accessory core so is_movement stays false; core carries no equipment (new convention); default ""Barbell"" is name-suppression only, not identity"
core,Halo,Halo,,,0,,Rotation,Weightlifting,,,,,,,,,,,,,,Kettlebell Halo,Strength,Shoulders,"Core, Triceps, Upper Back",,high,,PROMOTED CORE; Kettlebell is its default equipment for name suppression only
core,Lat Pulldown,Lat Pulldown,,,0,,Pull,Weightlifting,,,,,,,,,,,,,,,,,,,high,,new core row (core default equipment: Cable)
core,Leg Curl,Leg Curl,,,0,,Hinge,Weightlifting,,,,,,,,,,,,,,Lying Leg Curls,Strength,Hamstrings,,,high,,"NEW CORE: knee-flexion root; the lying (Prone) machine curl is its silent default, so 'Lying' needs no stance value; leg-curl machine has no equipment value; core carries no equipment (new convention); default ""Machine"" is name-suppression only, not identity"
core,Leg Press,Leg Press,,,0,,Squat,Weightlifting,,,,,,,,,,,,,,,Strength,"Glutes, Hamstrings, Quads",,,high,,"NEW CORE: sled-press root; leg-press machine has no equipment value (the addendum covers Cable + Smith only) so the core carries none; core carries no equipment (new convention); default ""Machine"" is name-suppression only, not identity"
core,Leg Raise,Leg Raise,,,0,,Midline,Gymnastics,,,,,,,,,,,,,,Leg Raises,Strength,"Core, Hip Flexors",,,high,,PROMOTED CORE: the revoked non-load threshold had blocked this; 7 members
core,Mountain Climber,Mountain Climber,,,0,,Midline,Gymnastics,,,,,,,,,,,,,,Mountain Climber With 1 Sec Pause,MetCon,Core,"Hip Flexors, Quads, Shoulders",Pause (1 sec) is prescription-time; base Mountain Climber row does not exist,high,,PROMOTED CORE: Pause is a modifier per the dictionary and drops from the name; core carries no equipment (Bodyweight;Floor is its default for name suppression only)
core,Plank,Plank,,,0,,Midline,Gymnastics,,,,,,,,,,,,,,,,,,,high,,"new core row (core default equipment: Bodyweight, Floor)"
core,Raise,Raise,,,0,,Push/Press,Weightlifting,,,,,,,,,,,,,,,,,,,high,,new core row (core default equipment: Dumbbell)
core,Reverse Crunch,Reverse Crunch,,,0,,Midline,Gymnastics,,,,,,,,,,,,,,Reverse Crunch Pulse,Strength,Core,Hip Flexors,"pulse = tempo, prescription-time",high,,"NEW CORE: pelvic-flexion root - the opposite joint action to Crunch, so a separate root rather than a child; the 'Pulse' cue is a tempo modifier and drops from the name; core carries no equipment (new convention); default ""Bodyweight;Floor"" is name-suppression only, not identity"
core,Russian Twist,Russian Twist,,,0,,Midline,Gymnastics,,,,,,,,,,,,,,Russian Twists,Strength,"Core, Obliques",Hip Flexors,,high,,PROMOTED CORE: the revoked non-load threshold had blocked this
core,Triceps Extension,Triceps Extension,,,0,,Push/Press,Weightlifting,,,,,,,,,,,,,,,Strength,Triceps,,,high,,"NEW CORE: implement-agnostic elbow-extension root; the Kettlebell seed drops (cores carry no identity attributes); accessory core; core carries no equipment (new convention); default ""none"" is name-suppression only, not identity"
core,Triceps Pushdown,Triceps Pushdown,,,0,,Push/Press,Weightlifting,,,,,,,,,,,,,,Tricep Pushdown; Tricep Pushdown - Rope Attachment,Strength,Triceps,,,high,,"NEW CORE, deliberately SEPARATE from Triceps Extension: every pushdown row and the overhead-extension rows are all Cable-equipped, so one root would make 'Cable Triceps Extension' ambiguous (humerus position has no attribute); Cable is its silent default; core carries no equipment (new convention); default ""Cable"" is name-suppression only, not identity"
derive,Kettlebell Around the World,Kettlebell Around the World,Around the World,Around the World,1,,Rotation,Weightlifting,Kettlebell,,,,,,,,,,,,,Kettlebell Around The World,Strength,"Core, Obliques","Forearms / Grip, Shoulders",,high,,shoulder accessory
derive,Close-Grip Bench Press,Close-Grip Bench Press,Bench Press,Bench Press,1,,Push/Press,Weightlifting,Barbell;Bench,,,,,,Close,,,,,,,Close-Grip Barbell Bench Press,Strength,"Chest, Triceps",,,high,,generated 'Close-Grip Bench Press' (Barbell silent as core default)
derive,Cross Body Single-Arm Floor Press,Supine Floor Kettlebell Bench Press,Bench Press,Bench Press,1,,Push/Press,Weightlifting,Kettlebell;Floor,,Supine,,Unilateral,,,,,,,,,Supine Floor Kettlebell Bench Press,Strength,"Chest, Triceps","Core, Shoulders",,low,yes,floor press = Supine stance + Floor; cross-body cue not expressible; Bench Press noun awkward for floor work
derive,Decline Bench Press,Decline Bench Press,Bench Press,Bench Press,1,,Push/Press,Weightlifting,Barbell;Bench,,,,,,,Decline,,,,,,,Strength,"Chest, Triceps",,,high,,Bench Angle addendum
derive,Dumbbell Bench Press,Dumbbell Bench Press,Bench Press,Bench Press,1,,Push/Press,Weightlifting,Dumbbell;Bench,,,,,,,,,,,,,,Strength,"Chest, Shoulders, Triceps",,,high,,Dumbbell
derive,Dumbbell Bridge Single Chest Press,Bridge Dumbbell Bench Press,Bench Press,Bench Press,1,,Push/Press,Weightlifting,Dumbbell,,Bridge; Bridge,,Unilateral,,,,,,,,,Bridge Dumbbell Bench Press,Strength,Chest,"Core, Glutes, Shoulders, Triceps",,medium,,stance Bridge - bridge IS a stance now
derive,Incline Bench Press,Incline Bench Press,Bench Press,Bench Press,1,,Push/Press,Weightlifting,Barbell;Bench,,,,,,,Incline,,,,,,Barbell Incline Bench Press (Medium-Grip),Strength,"Chest, Shoulders, Triceps",,,high,,Bench Angle addendum resolves this; generated 'Incline Bench Press'
derive,Kettlebell Bench Press,Kettlebell Bench Press,Bench Press,Bench Press,1,,Push/Press,Weightlifting,Kettlebell;Bench,,,,,,,,,,,,,,Strength,Chest,"Shoulders, Triceps",,high,,Kettlebell
derive,Kettlebell Bridge Press,Bridge Kettlebell Bench Press,Bench Press,Bench Press,1,,Push/Press,Weightlifting,Kettlebell,,Bridge; Bridge,,,,,,,,,,,Bridge Kettlebell Bench Press,Strength,Chest,"Core, Glutes, Shoulders, Triceps",description prescribes slow tempo,medium,,stance Bridge
derive,Kettlebell Crush Press,Crush Kettlebell Bench Press,Bench Press,Bench Press,1,,Push/Press,Weightlifting,Kettlebell,,,,,,,,Crush; Crush,,,,,Crush Kettlebell Bench Press,Strength,"Chest, Triceps","Core, Forearms / Grip, Shoulders",,medium,,"style Crush; no bench, so no collision with Kettlebell Bench Press"
derive,Landmine Chest Press,Landmine Bench Press,Bench Press,Bench Press,1,,Push/Press,Weightlifting,Landmine;Barbell; Landmine,,,,,,,,,,,,,Landmine Bench Press,Strength,Chest,"Shoulders, Triceps",,medium,,equipment Landmine (new value)
derive,Machine Bench Press,Machine Bench Press,Bench Press,Bench Press,1,,Push/Press,Weightlifting,Machine; Machine,,,,,,,,,,,,,,Strength,"Chest, Triceps",,,medium,,equipment Machine (new value) closes the press-machine gap
derive,Wide-Grip Bench Press,Wide-Grip Bench Press,Bench Press,Bench Press,1,,Push/Press,Weightlifting,Barbell;Bench,,,,,,Wide,,,,,,,Wide Grip Bench Press,Strength,"Chest, Shoulders, Triceps",,,high,,Wide grip width
derive,Close-Grip Dumbbell Bench Press,Close-Grip Dumbbell Bench Press,Bench Press,Dumbbell Bench Press,2,,Push/Press,Weightlifting,Dumbbell;Bench,,,,,,Close,,,,,,,Close Grip Dumbbell Bench Press,Strength,Triceps,"Chest, Shoulders",,high,,Close grip width + Dumbbell
derive,Dumbbell Squeeze Press,Crush Dumbbell Bench Press,Bench Press,Dumbbell Bench Press,2,,Push/Press,Weightlifting,Dumbbell;Bench,,,,,,,,Crush; Crush,,,,,Crush Dumbbell Bench Press,Strength,Chest,"Shoulders, Triceps",,medium,,style Crush - the Close-Grip DB Bench collision the prior pass feared is gone
derive,Hollow Hold Crush Press,Crush Hollow Kettlebell Bench Press,Bench Press,Kettlebell Crush Press,2,,Push/Press,Weightlifting,Kettlebell,,Hollow; Hollow,,,,,,Crush; Crush,,,,,Crush Hollow Kettlebell Bench Press,Strength,"Chest, Core, Triceps","Hip Flexors, Shoulders",,medium,,stance Hollow + style Crush (both new)
derive,Incline Dumbbell Press,Incline Dumbbell Bench Press,Bench Press,Dumbbell Bench Press,2,,Push/Press,Weightlifting,Dumbbell;Bench,,,,,,,Incline,,,,,,Incline Dumbbell Bench Press,Strength,"Chest, Shoulders, Triceps",,,high,,Bench Angle addendum; 'Incline Dumbbell Press' is the world's name (generated appends 'Bench')
derive,Dumbbell Bent-Over Row,Dumbbell Bent-Over Row,Bent-Over Row,Bent-Over Row,1,,Pull,Weightlifting,Dumbbell,,,,,,,,,,,,,Bent Over Two-Dumbbell Row,Strength,"Biceps, Lats, Upper Back",,,high,,generated 'Dumbbell Bent-Over Row' beats the import name
derive,Kettlebell Bent-Over Row,Kettlebell Bent-Over Row,Bent-Over Row,Bent-Over Row,1,,Pull,Weightlifting,Kettlebell,,,,,,,,,,,,,Bent Over Row,Strength,"Lats, Upper Back","Biceps, Core, Forearms / Grip",,high,,Kettlebell; dup winner over generic Bent Over Row
derive,Seal Row,Prone Bench Bent-Over Row,Bent-Over Row,Bent-Over Row,1,,Pull,Weightlifting,Barbell;Bench,,Prone,,,,,,,,,,,Prone Bench Bent-Over Row,Strength,"Biceps, Lats, Upper Back",,,medium,,Supine/Prone split applied: Prone (chest-down on bench)
derive,Seated Cable Row,Seated Cable Bent-Over Row,Bent-Over Row,Bent-Over Row,1,,Pull,Weightlifting,Cable,,Seated,,,,,,,,,,,Seated Cable Bent-Over Row; Seated Cable Rows,Strength,"Biceps, Lats, Upper Back",,,medium,,Cable addendum; DELTA from Gate A outlier; core noun 'Bent-Over' suppressed in curated name
derive,Smith Machine Bent-Over Row,Smith Machine Bent-Over Row,Bent-Over Row,Bent-Over Row,1,,Pull,Weightlifting,Smith Machine,,,,,,,,,,,,,Smith Machine Bent Over Row,Strength,"Biceps, Lats, Upper Back",,,medium,,Smith Machine addendum; DELTA from Gate A outlier
derive,Alternating Gorilla Row,Alternating Kettlebell Bent-Over Row,Bent-Over Row,Kettlebell Bent-Over Row,2,,Pull,Weightlifting,Kettlebell,,,,Alternating,,,,,,,,,Alternating Gorilla Rows; Alternating Kettlebell Bent-Over Row,Strength,"Lats, Upper Back","Biceps, Core, Forearms / Grip",,medium,,gorilla (bells-on-floor) stance not expressible; name singularized
derive,Ballistic Row,Plyo Kettlebell Bent-Over Row,Bent-Over Row,Kettlebell Bent-Over Row,2,,Pull,Weightlifting,Kettlebell,,,,,,,,Plyometric,,,,,Plyo Kettlebell Bent-Over Row,Strength,"Lats, Upper Back","Biceps, Core, Forearms / Grip",,low,yes,explosive KB row; Plyo style; may be outlier
derive,Boat Rows,V-Sit Kettlebell Bent-Over Row,Bent-Over Row,Kettlebell Bent-Over Row,2,,Midline,Weightlifting,Kettlebell,,V-Sit; V-Sit,,,,,,,,,,,V-Sit Kettlebell Bent-Over Row,Strength,"Core, Upper Back","Biceps, Hip Flexors, Lats",,low,yes,stance V-Sit (boat pose)
derive,Single-Arm Dumbbell Row,Bench Dumbbell Bent-Over Row,Bent-Over Row,Dumbbell Bent-Over Row,2,,Pull,Weightlifting,Dumbbell;Bench,,,,Unilateral,,,,,,,,,Bench Dumbbell Bent-Over Row; One-Arm Dumbbell Row,Strength,"Biceps, Lats, Upper Back",,,medium,,Unilateral silent -> generated name would collide with the two-DB row; curated name required
derive,Single-Arm Kettlebell Row,Kettlebell Bent-Over Row,Bent-Over Row,Kettlebell Bent-Over Row,2,,Pull,Weightlifting,Kettlebell,,,,Unilateral,,,,,,,,,Kettlebell Bent-Over Row,Strength,"Lats, Upper Back","Biceps, Core, Forearms / Grip",,high,,Kettlebell + Unilateral
derive,Wide-Grip Seated Cable Row,Wide-Grip Seated Cable Bent-Over Row,Bent-Over Row,Seated Cable Row,2,,Pull,Weightlifting,Cable,,Seated,,,,Wide,,,,,,,Wide Grip Seated Row; Wide-Grip Seated Cable Bent-Over Row,Strength,Upper Back,"Biceps, Lats",,medium,,Cable addendum; DELTA from Gate A outlier
derive,Static Squat Single-Arm Row,Squat-Hold Kettlebell Bent-Over Row,Bent-Over Row,Single-Arm Kettlebell Row,3,,Pull,Weightlifting,Kettlebell,,Squat-Hold; Squat-Hold,,Unilateral,,,,,,,,,Squat-Hold Kettlebell Bent-Over Row; Static Squat Single-Arm Rows,Strength,"Lats, Quads, Upper Back","Biceps, Core, Glutes",static squat hold is prescription-time framing,medium,,stance Squat-Hold (new value)
derive,Lateral Burpee Over Dumbbell,Dumbbell Burpee,Burpee,Burpee,1,,Plyometric,Gymnastics,Dumbbell;Floor,,,,,,,,,,,,,Burpee Over Dumbbell; Dumbbell Burpee; Dumbbell Lateral Burpee; Lateral Burpees Over The Dumbbell; Lateral Jump-Over Burpee,MetCon,"Chest, Core, Glutes, Quads, Shoulders","Calves, Hamstrings, Lower Back, Triceps",,high,,"lateral-over target not expressible; curated, singularized"
derive,Donkey Calf Raise,Dumbbell Donkey Calf Raise,Calf Raise,Calf Raise,1,,Activation,Weightlifting,Dumbbell,,,,,,,,,,,,donkey,Dumbbell Donkey Calf Raise,Strength,Calves,,,medium,,"CORRECTION 5: the defining feature is hip flexion, not the dumbbell; variant donkey (Dumbbell alone generated a different exercise)"
derive,Leg Press Calf Press,Supine Machine Calf Raise,Calf Raise,Calf Raise,1,,Activation,Weightlifting,Machine; Machine,,Supine,,,,,,,,,,,Calf Press on the Leg Press Machine; Supine Machine Calf Raise,Strength,Calves,,,high,,Machine + Supine (reclined on the sled); Supine is what separates it from Seated Calf Raise
derive,Seated Calf Raise,Seated Machine Calf Raise,Calf Raise,Calf Raise,1,,Activation,Weightlifting,Machine; Machine,,Seated,,,,,,,,,,,Seated Machine Calf Raise,Strength,Calves,,,high,,equipment Machine (CORRECTION 2: repairs the empty-fingerprint core family)
derive,Single-Leg Calf Raise,Single-Leg Calf Raise,Calf Raise,Calf Raise,1,,Activation,Weightlifting,Bodyweight,,Single-Leg,,Unilateral,,,,,,,,,Single-Leg Heel Raise; Unilateral Calf Raise,Strength,Calves,,,high,,Single-Leg stance; modality copied down from the core (was Recovery); Box/Wall seeds drop as incidental supports (the description says flat ground works)
derive,Waiter's Carry,Kettlebell Waiter Carry,Carry,Carry,1,yes,Carry,Weightlifting,Kettlebell,Waiter,,,,,,,,,,,,Kettlebell Waiter Carry,Strength,"Core, Shoulders","Forearms / Grip, Obliques, Upper Back",,high,,Waiter load position (added for this row); world name kept
derive,Alternating Chest Fly,Alternating Chest Fly,Chest Fly,Chest Fly,1,,Push/Press,Weightlifting,Dumbbell;Bench,,,,Alternating,,,,,,,,,Alternating Dumbbell Flys,Strength,Chest,Shoulders,,high,,Alternating symmetry; Dumbbell;Bench suppressed as core defaults
derive,Cable Chest Fly,Cable Chest Fly,Chest Fly,Chest Fly,1,,Push/Press,Weightlifting,Cable,,,,,,,,,,,,,Cable Flys,Strength,Chest,,,high,,"Cable (standing crossover, no bench); plural dialect replaced"
derive,Dumbbell Bridge Fly,Bridge Chest Fly,Chest Fly,Chest Fly,1,,Push/Press,Weightlifting,Dumbbell,,Bridge; Bridge,,,,,,,,,,,Bridge Chest Fly,Strength,Chest,"Glutes, Shoulders",,high,,stance Bridge (new value); the hold-plus-movement exclusion is lifted
derive,Low To High Dumbbell Fly,Low-to-High Chest Fly,Chest Fly,Chest Fly,1,,Push/Press,Weightlifting,Dumbbell;Bench,,,,,,,,,Low-to-High,,,,Low To High Dumbbell Flys; Low-to-High Chest Fly,Strength,Chest,Shoulders,,medium,,RESOLVED COLLISION: Direction Low-to-High replaces the declared collision with the Chest Fly core
derive,Flat Bench Cable Flyes,Supine Cable Chest Fly,Chest Fly,Cable Chest Fly,2,,Push/Press,Weightlifting,Cable;Bench,,Supine,,,,,Flat,,,,,,Supine Cable Chest Fly,Strength,Chest,,,medium,,Supine stance + Bench is what separates it from the standing Cable Chest Fly; Flat angle is silent
derive,Seated Cable Chest Fly,Seated Cable Chest Fly,Chest Fly,Cable Chest Fly,2,,Push/Press,Weightlifting,Cable,,Seated,,,,,,,,,,,Seated Mid Cable Fly,Strength,Chest,Shoulders,,high,,Cable + Seated
derive,Single-Arm Cable Fly,Cable Chest Fly,Chest Fly,Cable Chest Fly,2,,Push/Press,Weightlifting,Cable,,,,Unilateral,,,,,,,,,Cable Chest Fly,Strength,Chest,Shoulders,,medium,,POLICY(a) curated-name child: Unilateral is silent; DECLARED generated-name collision with Cable Chest Fly - same treatment as One-Arm Dumbbell Row
derive,Hang Clean,Hang Clean,Clean,Clean,1,yes,Olympic,Weightlifting,Barbell,Hang,,,,,,,,,,,,,Strength,"Glutes, Hamstrings, Shoulders","Core, Forearms / Grip, Quads, Upper Back",,high,,EQUIPMENT CORRECTION: row was tagged Dumbbell; the movement as named is a barbell lift
derive,Kettlebell Squat Clean,Kettlebell Clean,Clean,Clean,1,,Olympic,Weightlifting,Kettlebell,,,,,,,,,,,,,Kettlebell Clean,Strength,"Glutes, Quads, Shoulders","Core, Forearms / Grip, Hamstrings, Upper Back",,medium,,full-depth (silent default); 'Squat Clean' wording kept to distinguish from rack-style KB cleans
derive,Power Clean,Partial Clean,Clean,Clean,1,yes,Olympic,Weightlifting,Barbell,,,Partial,,,,,,,,,,Barbell Power Clean; Clean (Power); Hang to Power Clean; Partial Clean,"MetCon, Skill, Strength","Glutes, Hamstrings, Neck / Traps, Quads","Calves, Core, Forearms / Grip, Lats, Shoulders",,high,,RD Partial models catch height; see the flagged Partial overload (catch height / hinge ROM / midline ROM share one value)
derive,Alternating Gunslinger Cleans,Alternating Kettlebell Suitcase Clean,Clean,Kettlebell Squat Clean,2,,Olympic,Weightlifting,Kettlebell,Suitcase,,,Alternating,,,,,,,,,Alternating Kettlebell Suitcase Clean,Strength,"Glutes, Shoulders","Core, Forearms / Grip, Hamstrings, Quads",,low,yes,gunslinger = suitcase-position KB clean; dialect name kept pending user call
derive,Double Kettlebell Clean,Kettlebell Double Front Rack Clean,Clean,Kettlebell Squat Clean,2,,Olympic,Weightlifting,Kettlebell,Double Front Rack,,,,,,,,,,,,Double Bell Clean; Kettlebell Double Front Rack Clean,Strength,"Glutes, Hamstrings, Shoulders","Core, Forearms / Grip, Upper Back",,medium,,Double Front Rack + Kettlebell
derive,Advanced Crunch,Advanced Crunch,Crunch,Crunch,1,,Midline,Gymnastics,Bodyweight;Floor,,,,,,,,,,,,advanced,,MetCon,Core,Hip Flexors,,high,yes,"FLAG: low-information import name, probable duplicate-of Crunch - confirm with user before the apply migration"
derive,Bicycles,Alternating Crunch,Crunch,Crunch,1,,Midline,Gymnastics,Bodyweight;Floor,,,,Alternating,,,,,,,,,Alternating Crunch,Strength,"Core, Obliques",Hip Flexors,,high,,Alternating cross-body crunch; separated from Elbow-To-Knee by symmetry Alternating (declared compromise)
derive,Cable Crunch,Cable Crunch,Crunch,Crunch,1,,Midline,Weightlifting,Cable,,,,,,,,,,,,,Rope Crunches,Strength,Core,,,high,,Cable (approved addendum)
derive,Crunch And Replace,Med Ball Crunch,Crunch,Crunch,1,,Midline,Weightlifting,Med Ball,,,,,,,,,,,,,Med Ball Crunch,Strength,Core,,,high,,med-ball crunch with an overhead pass; Med Ball equipment
derive,Dumbbell Suitcase Crunch,Weighted Dumbbell Suitcase Crunch,Crunch,Crunch,1,,Midline,Weightlifting,Dumbbell,Suitcase,,,,,,,Weighted,,,,,Weighted Dumbbell Suitcase Crunch,Strength,Obliques,Core,,high,,Suitcase load + Weighted style; world name kept
derive,Elbow-To-Knee Crunch,Cross-Body Crunch,Crunch,Crunch,1,,Midline,Gymnastics,Bodyweight;Floor,,,,Cross-Body / Rotational,,,,,,,,,Cross-Body Crunch,MetCon,"Core, Obliques",Hip Flexors,,high,,Cross-Body/Rotational symmetry (silent) so the world name is kept
derive,Heel Tap Crunch,Lateral Crunch,Crunch,Crunch,1,,Midline,Gymnastics,Bodyweight;Floor,,,,,,,,,Lateral,,,,Heel Tap Crunches; Lateral Crunch,Strength,Obliques,Core,,high,,Direction Lateral (lateral flexion); singularized
derive,Toe-Tap Crunch,Toe-Tap Crunch,Crunch,Crunch,1,,Midline,Gymnastics,Bodyweight;Floor,,,,,,,,,,,,toe-tap,Toe Tap Crunch,Strength,Core,Hip Flexors,,high,,variant toe-tap: legs-vertical reach has no attribute
derive,Weighted Toe Tap Crunch,Weighted Dumbbell Toe-Tap Crunch,Crunch,Crunch,1,,Midline,Weightlifting,Dumbbell;Bodyweight,,,,,,,,Weighted,,,,toe-tap,Weighted Dumbbell Toe-Tap Crunch; Weighted Toe Tap Crunches,Strength,Core,Hip Flexors,,high,,bucket A (fp unique on Dumbbell+Weighted); carries the toe-tap label for correct parenting under Toe-Tap Crunch
derive,Cable-Resisted Toe Touches,Cable Toe-Tap Crunch,Crunch,Cable Crunch,2,,Midline,Weightlifting,Cable,,,,,,,,,,,,toe-tap,Cable Toe-Tap Crunch,Strength,Core,Hip Flexors,,high,,bare EQ Cable would collide with Cable Crunch; variant toe-tap resolves it
derive,Supine Cable Pullover Crunch,Supine Cable Crunch,Crunch,Cable Crunch,2,,Pull,Weightlifting,Cable,,Supine,,,,,,,,,,,Supine Cable Crunch,Strength,Core,Lats,,high,,Supine stance is what separates it from Cable Crunch
derive,Cable Curl,Cable Curl,Curl,Curl,1,,Pull,Weightlifting,Cable,,,,,,,,,,,,,Cable Rope Curl; Standing Bicep Cable Curls,Strength,Biceps,Forearms / Grip,,high,,Cable (approved addendum)
derive,Dumbbell Curl,Dumbbell Curl,Curl,Curl,1,,Pull,Weightlifting,Dumbbell,,,,,,,,,,,,,Bicep Curl,Strength,"Biceps, Forearms / Grip",,,high,,Dumbbell; generic import name replaced by the generated form
derive,EZ-Bar Curl,EZ-Bar Curl,Curl,Curl,1,,Pull,Weightlifting,Barbell,,,,,,,,,,,,ez-bar,,Strength,"Biceps, Forearms / Grip",,,high,,"FINGERPRINT collision dissolved by the no-default-equipment rule alone (EQ Barbell is now unique) - prediction confirmed. The variant label is added for the NAME only: with Barbell suppressed as the core default, the generated form degenerated to bare ""Curl"""
derive,Kettlebell Curl,Kettlebell Curl,Curl,Curl,1,,Pull,Weightlifting,Kettlebell,,,,,,,,,,,,,,Strength,Biceps,Forearms / Grip,,high,,Kettlebell
derive,Alternating Dumbbell Curl,Alternating Dumbbell Curl,Curl,Dumbbell Curl,2,,Pull,Weightlifting,Dumbbell,,,,Alternating,,,,,,,,,,Strength,Biceps,Forearms / Grip,,high,,Dumbbell + Alternating symmetry
derive,Concentration Curl,Concentration Dumbbell Curl,Curl,Dumbbell Curl,2,,Pull,Weightlifting,Dumbbell,,,,Unilateral,,,,,,,Braced,,Concentration Dumbbell Curl,Strength,Biceps,Forearms / Grip,,high,,Arm Position Braced (fragment Concentration) - the declared generated-name collision with Dumbbell Curl is now resolved too
derive,EZ Bar Spider Curl,Incline Prone EZ-Bar Curl,Curl,EZ-Bar Curl,2,,Pull,Weightlifting,Barbell;Bench,,Prone,,,,,Incline,,,,,ez-bar,EZ Bar Spider Curls; Incline Prone EZ-Bar Curl,Strength,Biceps,Forearms / Grip,,medium,,"same EZ-bar gap; fp was already unique on Prone+Incline. G3 PROMOTION CANDIDATE: ""EZ Bar"" is really an equipment value, not a variant - promote it if a third EZ-bar row appears"
derive,Hammer Curl,Neutral-Grip Dumbbell Curl,Curl,Dumbbell Curl,2,,Pull,Weightlifting,Dumbbell,,,,,Neutral,,,,,,,,Neutral-Grip Dumbbell Curl,Strength,Biceps,Forearms / Grip,,high,,Neutral grip orientation (the dictionary's own hammer-curl example); world name kept
derive,High Cable Curls,Overhead Cable Curl,Curl,Cable Curl,2,,Pull,Weightlifting,Cable,,,,,,,,,,,Overhead,,Overhead Cable Curl,Strength,Biceps,,,medium,,RESOLVED COLLISION: Arm Position Overhead replaces the declared fingerprint collision with Cable Curl
derive,Incline Dumbbell Curl,Incline Dumbbell Curl,Curl,Dumbbell Curl,2,,Pull,Weightlifting,Dumbbell;Bench,,,,,,,Incline,,,,,,,Strength,Biceps,,,high,,Bench Angle addendum + Dumbbell
derive,Kettlebell Horn Curl,Kettlebell Horn Curl,Curl,Kettlebell Curl,2,,Pull,Weightlifting,Kettlebell,,,,,,,,,,,,horn,,Strength,Biceps,Forearms / Grip,,medium,,RESOLVED COLLISION: variant horn replaces the declared collision with Kettlebell Curl
derive,Overhand Curl,Dumbbell Curl,Curl,Dumbbell Curl,2,,Pull,Weightlifting,Dumbbell,,,,,Pronated,,,,,,,,Dumbbell Curl,Strength,Biceps,Forearms / Grip,,medium,,"POLICY(a) curated-name child: GAP - Pronated is silent (it is the pull default), so a reverse curl generates the same name as a supinated one; DECLARED generated-name collision with Dumbbell Curl"
derive,Close Grip Seated Hammer Curl,Close-Grip Neutral-Grip Seated Dumbbell Curl,Curl,Hammer Curl,3,,Pull,Weightlifting,Dumbbell,,Seated,,,Neutral,Close,,,,,,,Close-Grip Neutral-Grip Seated Dumbbell Curl,Strength,Biceps,Forearms / Grip,,medium,,Neutral orientation + Close width + Seated; generated stacks three band-25/30 fragments so the world name is kept
derive,Seated Overhead Cable Curl,Overhead Seated Cable Curl,Curl,High Cable Curls,3,,Pull,Weightlifting,Cable,,Seated,,,,,,,,,Overhead,,Overhead Seated Cable Curl,Strength,Biceps,Forearms / Grip,,medium,,Arm Position Overhead + Seated
derive,Cross Body Single-Leg Romanian Deadlift,Partial Single-Leg Kettlebell Deadlift,Deadlift,Deadlift,1,,Hinge,Weightlifting,Kettlebell,,Single-Leg,Partial,Unilateral,,,,,,,,,Partial Single-Leg Kettlebell Deadlift,Strength,"Glutes, Hamstrings","Core, Forearms / Grip, Lower Back",,medium,,cross-body hold not expressible; curated name
derive,Dumbbell Romanian Deadlift,Partial Dumbbell Deadlift,Deadlift,Deadlift,1,,Hinge,Weightlifting,Dumbbell,,,Partial,,,,,,,,,,Partial Dumbbell Deadlift; Stiff-Legged Dumbbell Deadlift (Dumbbell Romanian Deadlift),Strength,"Glutes, Hamstrings, Lower Back",,,high,,import name cleaned to the world's name
derive,Romanian Deadlift,Partial Deadlift,Deadlift,Deadlift,1,yes,Hinge,Weightlifting,Barbell,,,Partial,,,,,,,,,,Partial Deadlift,Strength,"Glutes, Hamstrings",,,high,,RD Partial models hinge ROM; see the flagged Partial overload
derive,Single-Leg Stiff-Leg Belt Squat Deadlift,Partial Single-Leg Machine Deadlift,Deadlift,Deadlift,1,,Hinge,Weightlifting,Machine; Machine,,Single-Leg,Partial,,,,,,,,,,Partial Single-Leg Machine Deadlift,Strength,"Glutes, Hamstrings","Core, Quads",,low,yes,belt-squat machine -> equipment Machine; stiff-leg = Partial
derive,Staggered Kettlebell Deadlift,Staggered Kettlebell Deadlift,Deadlift,Deadlift,1,,Hinge,Weightlifting,Kettlebell,,Staggered,,,,,,,,,,,Kettlebell Kickstand Deadlift,Strength,"Glutes, Hamstrings","Core, Forearms / Grip, Lower Back",,medium,,kickstand is dialect for Staggered; adopt 'Staggered Kettlebell Deadlift'
derive,Sumo Deadlift,Wide-Stance Deadlift,Deadlift,Deadlift,1,yes,Hinge,Weightlifting,Barbell,,Wide (Sumo),,,,,,,,,,,Wide-Stance Deadlift,Strength,"Glutes, Hamstrings, Hip Adductors, Quads",,,high,,the designed curated override for Wide-Stance Deadlift
derive,Trap Bar Deadlift,Trap Bar Deadlift,Deadlift,Deadlift,1,yes,Hinge,Weightlifting,Trap Bar,,,,,,,,,,,,,Hex Bar Deadlift,Strength,"Forearms / Grip, Glutes, Hamstrings, Quads",,,high,,Trap Bar equipment
derive,Wide Stance Snatch Grip Deadlift,Wide-Grip Wide-Stance Deadlift,Deadlift,Sumo Deadlift,2,,Hinge,Weightlifting,Barbell,,Wide (Sumo),,,,Wide,,,,,,,Wide-Grip Wide-Stance Deadlift,Strength,"Glutes, Hamstrings, Lower Back",,,medium,,snatch grip = Wide grip width; world phrasing kept
derive,Weighted Dip,Weighted Dip,Dip,Dip,1,,Push/Press,Gymnastics,Bodyweight,,,,,,,,Weighted,,,,,Weighted Dips,Strength,"Chest, Triceps",,,high,,adopt 'Weighted Dip' (singular)
derive,V-Sit Halo,V-Sit Halo,Halo,Halo,1,,Rotation,Weightlifting,Kettlebell,,V-Sit; V-Sit,,,,,,,,,,,V Sit Halos,Strength,"Core, Shoulders","Hip Flexors, Upper Back",,high,,stance V-Sit; Floor dropped as incidental support (stance implies the ground)
derive,Bar Inverted Row,Bar Inverted Row,Inverted Row,Inverted Row,1,,Pull,Gymnastics,Bar,,,,,,,,,,,,,Inverted Row,Strength,Upper Back,"Biceps, Forearms / Grip",,medium,,CORRECTION 4: child of the renamed Inverted Row core; Bar emits because Rings is the core default
derive,Box Jump,Box Jump,Jump,Jump,1,yes,Plyometric,Gymnastics,Box;Bodyweight;Floor,,,Box,,,,,,,,,,Box Jump (Two-Foot Takeoff); Jump to Box; Plyometric Box Jump,"MetCon, Skill","Calves, Glutes, Hamstrings, Quads","Core, Hip Flexors, Lower Back",,high,,range Box implies equipment Box (suppressed) - the 'Box Box Jump' rule exercised
derive,Depth Jump,Plyo Box Jump,Jump,Jump,1,,Plyometric,Gymnastics,Box;Bodyweight,,,,,,,,Plyometric,,,,,Plyo Box Jump,Skill,"Calves, Glutes, Quads","Core, Hamstrings",,medium,,"drop-and-rebound; Plyo + Box, curated name"
derive,Overspeed Band Jump,Assisted Bands Jump,Jump,Jump,1,,Plyometric,Gymnastics,Bands,,,,,,,,Assisted,,,,,Assisted Bands Jump,Skill,"Calves, Glutes, Quads","Core, Hamstrings",,medium,,Bands-assisted jump
derive,Pogo Jumps,Quarter Jump,Jump,Jump,1,,Plyometric,Recovery,Bodyweight;Floor,,,Quarter,,,,,,,,,,Quarter Jump,"Strength, MetCon",Calves,"Glutes, Quads",,medium,,retagged Recovery -> training; Quarter range
derive,Lymphatic Jumps,Quarter Lymphatic Jump,Jump,Pogo Jumps,2,,Plyometric,Recovery,Bodyweight;Floor,,,Quarter,,,,,,,,,lymphatic,Quarter Lymphatic Jump,Mobility,"Calves, Quads",Glutes,,high,yes,FLAG probable duplicate-of Pogo Jumps - confirm with user; variant keeps it storable meanwhile
derive,Double-Under,Double-Under Jump Rope,Jump Rope,Jump Rope,1,yes,Rope,Monostructural,Jump Rope,,,,,,,,,,,,double-under,Double-Under Jump Rope,MetCon,"Calves, Full Body",,,high,,RESOLVED COLLISION: variant double-under replaces the declared collision with the Jump Rope core
derive,Kneeling Rope Lat Pulldown,Kneeling Lat Pulldown,Lat Pulldown,Lat Pulldown,1,,Pull,Weightlifting,Cable,,Kneeling,,,,,,,,,,,Kneeling Lat Pulldown,Strength,Lats,"Biceps, Upper Back",,medium,,Kneeling stance; rope attachment is not identity; world name kept
derive,Straight-Arm Lat Pulldown,Straight-Arm Lat Pulldown,Lat Pulldown,Lat Pulldown,1,,Pull,Weightlifting,Cable,,,,,,,,,,,Straight-Arm,,Straight Arm Cable Rope Lat Pulldown,Strength,Lats,"Triceps, Upper Back",,high,,Arm Position Straight-Arm expresses the shoulder-extension difference the prior pass could not
derive,Underhand Lat Pulldown,Underhand Lat Pulldown,Lat Pulldown,Lat Pulldown,1,,Pull,Weightlifting,Cable,,,,,Supinated,,,,,,,,,Strength,"Biceps, Lats",,,high,,Supinated grip orientation
derive,Wide-Grip Lat Pulldown,Wide-Grip Lat Pulldown,Lat Pulldown,Lat Pulldown,1,,Pull,Weightlifting,Cable,,,,,,Wide,,,,,,,Wide Grip Lat Pulldown,Strength,"Lats, Upper Back",,,high,,NEW CORE 'Lat Pulldown' is a NEW ROW (same pattern as Carry / Bent-Over Row) - no plain pulldown row exists; Cable is its silent default; Wide grip width
derive,Single-Arm Cable Lat Fly,Straight-Arm Lat Pulldown,Lat Pulldown,Straight-Arm Lat Pulldown,2,,Push/Press,Weightlifting,Cable,,,,Unilateral,,,,,,,Straight-Arm,,Straight-Arm Lat Pulldown,Strength,Lats,Shoulders,,high,,Straight-Arm + Unilateral; Unilateral silent so the generated name collides by NAME with Straight-Arm Lat Pulldown - fingerprints differ
derive,Seated Leg Curls,Seated Leg Curl,Leg Curl,Leg Curl,1,,Hinge,Weightlifting,Machine; Machine,,Seated,,,,,,,,,,,Seated Leg Curl,Strength,Hamstrings,,,high,,equipment Machine
derive,High Stance Leg Press,High-Stance Leg Press,Leg Press,Leg Press,1,,Squat,Weightlifting,Machine; Machine,,,,,,,,,,,,high-stance,High-Stance Leg Press,Strength,"Glutes, Hamstrings, Quads",,,medium,,RESOLVED COLLISION: was sharing the empty core fingerprint; now Machine + variant high-stance
derive,Single-Leg Press,Single-Leg Leg Press,Leg Press,Leg Press,1,,Squat,Weightlifting,Machine; Machine,,Single-Leg,,Unilateral,,,,,,,,,Single-Leg Leg Press,Strength,"Glutes, Quads",,,high,,equipment Machine; the generated form doubles the word Leg so the world name is kept
derive,Balanced Knee Tucks,Partial Leg Raise,Leg Raise,Leg Raise,1,,Midline,Gymnastics,Bodyweight;Floor,,,Partial,,,,,,,,,,Partial Leg Raise,Strength,Core,Hip Flexors,,high,,knee tuck = partial-range leg raise
derive,Hanging Leg Raise,Bar Leg Raise,Leg Raise,Leg Raise,1,,Midline,Gymnastics,Bar,,,,,,,,,,,,,Bar Leg Raise; Hanging Leg Raises,Strength,"Core, Hip Flexors","Forearms / Grip, Shoulders",,medium,,CORRECTION 8: moved from Toes-to-Bar to Leg Raise; Toes-to-Bar stays the sport movement and a clean ROM endpoint
derive,Toe Taps,Med Ball Leg Raise,Leg Raise,Leg Raise,1,,Midline,Weightlifting,Med Ball,,,,,,,,,,,,,Med Ball Leg Raise,Strength,Core,Hip Flexors,,high,yes,assumes supine med-ball toe taps - VERIFY with user
derive,Weighted Leg Raise,Weighted Dumbbell Leg Raise,Leg Raise,Leg Raise,1,,Midline,Weightlifting,Dumbbell,,,,,,,,Weighted,,,,,Weighted Dumbbell Leg Raise,Strength,"Core, Hip Flexors",Obliques,,high,,Weighted style - the row the revoked threshold killed
derive,Flutter Kicks,Partial Alternating Leg Raise,Leg Raise,Balanced Knee Tucks,2,,Midline,Gymnastics,Bodyweight;Floor,,,Partial,Alternating,,,,,,,,,Partial Alternating Leg Raise,MetCon,"Core, Hip Flexors",,,high,,midline accessory
derive,Hanging Knee Raise,Partial Bar Leg Raise,Leg Raise,Hanging Leg Raise,2,yes,Midline,Gymnastics,Bar,,,Partial,,,,,,,,,,Hanging Knee Raises; Partial Bar Leg Raise,Skill,"Core, Obliques",Forearms / Grip,,medium,,CORRECTION 8: moved from Toes-to-Bar to Leg Raise - Bar + Partial is a truer model than Partial Toes-to-Bar
derive,Hollow Flutter Kicks,Partial Hollow Alternating Leg Raise,Leg Raise,Flutter Kicks,3,,Midline,Gymnastics,Bodyweight;Floor,,Hollow; Hollow,Partial,Alternating,,,,,,,,,Partial Hollow Alternating Leg Raise,Strength,Core,"Hip Flexors, Quads",,high,,stance Hollow (new value)
derive,Alternating Lunge,Alternating Lunge,Lunge,Lunge,1,,Lunge,Gymnastics,Bodyweight,,,,Alternating,,,,,,,,,Alternating Forward Lunge; Bodyweight Alternating Lunge; Dynamic Lunge,Strength,"Glutes, Hamstrings, Quads","Calves, Core, Hip Flexors",,high,,adopting generated name trims trailing space; child re-parented to core
derive,Alternating Single-Dumbbell Lunge,Alternating Dumbbell Suitcase Lunge,Lunge,Lunge,1,,Lunge,Gymnastics,Dumbbell,Suitcase,,,Alternating,,,,,,,,,Alternating Dumbbell Suitcase Lunge; Alternating Single-DB Lunge; DB Alternating Lunge; Offset Lunge; Single Dumbbell Alternating Lunge,Strength,"Glutes, Hamstrings, Quads","Calves, Core, Forearms / Grip, Hip Flexors, Lower Back",,high,,DB + Alternating; re-parent from Alternating Lunge to core
derive,Bulgarian Split Squat,Split Bench Lunge,Lunge,Lunge,1,yes,Lunge,Gymnastics,Bench;Bodyweight,,Split,,Unilateral,,,,,,,,,RFESS; Rear-Foot Elevated Split Squat; Split Bench Lunge,Strength,"Glutes, Quads",,,high,,rear-foot-elevated Split + Bench; 'Bulgarian' is the world's name
derive,Dumbbell Bulgarian Split Squat,Split Bench Dumbbell Suitcase Lunge,Lunge,Lunge,1,,Lunge,Gymnastics,Dumbbell;Bench,Suitcase,Split,,Unilateral,,,,,,,,,Bulgarian Split Squat (DB); DB RFESS; DB Rear-Foot Elevated Split Squat; Split Bench Dumbbell Suitcase Lunge,Strength,"Glutes, Quads",,,high,,Split (RFE) + Dumbbell + Bench
derive,Dumbbell Walking Lunge,Walking Dumbbell Suitcase Lunge,Lunge,Lunge,1,,Lunge,Gymnastics,Dumbbell,Suitcase,,,,,,,,Walking,,,,Walking Dumbbell Suitcase Lunge,Strength,"Glutes, Hamstrings, Quads",,,medium,,Direction Walking closes the direction gap
derive,Jumping Split Lunge,Plyo Split Lunge,Lunge,Lunge,1,,Lunge,Gymnastics,Bodyweight,,Split,,,,,,Plyometric,,,,,Jumping Split Lunges; Plyo Split Lunge,MetCon,"Glutes, Quads","Calves, Core, Hamstrings",,high,,Plyometric style + Split stance
derive,Kettlebell Front Rack Lunge,Kettlebell Single Front Rack Lunge,Lunge,Lunge,1,,Lunge,Gymnastics,Kettlebell,Single Front Rack,,,,,,,,,,,,Kettlebell Single Front Rack Lunge,Strength,"Glutes, Quads","Core, Hamstrings, Shoulders",,high,,current name cleaner than 'Kettlebell Single Front Rack Lunge'
derive,Kettlebell Goblet Curtsy Squat,Curtsy Kettlebell Goblet Lunge,Lunge,Lunge,1,,Lunge,Gymnastics,Kettlebell,Goblet,,,,,,,,Curtsy,,,,Curtsy Kettlebell Goblet Lunge,Strength,"Glutes, Quads","Core, Hip Abductors, Hip Adductors",,low,yes,Direction Curtsy closes the direction gap
derive,Kettlebell Reverse Lunge,Reverse Kettlebell Lunge,Lunge,Lunge,1,,Lunge,Gymnastics,Kettlebell,,,,,,,,,Reverse,,,,Reverse Kettlebell Lunge,Strength,"Glutes, Quads","Calves, Core, Hamstrings",,medium,,Direction Reverse closes the direction gap
derive,Kettlebell Split Squat,Split Kettlebell Lunge,Lunge,Lunge,1,,Lunge,Gymnastics,Kettlebell,,Split,,,,,,,,,,,Kettlebell Split Squats; Split Kettlebell Lunge,Strength,"Glutes, Quads","Core, Hamstrings",,high,,"split-stance lunge; world name kept, singularized"
derive,Kettlebell Suitcase Lunge,Kettlebell Suitcase Lunge,Lunge,Lunge,1,,Lunge,Gymnastics,Kettlebell,Suitcase,,,,,,,,,,,,,Strength,"Glutes, Quads","Core, Forearms / Grip, Hamstrings, Obliques",,high,,Suitcase load + Kettlebell
derive,Alternating Reverse Lunge,Reverse Alternating Lunge,Lunge,Alternating Lunge,2,,Lunge,Gymnastics,Bodyweight,,,,Alternating,,,,,Reverse,,,,Alternating Reverse Lunges; Reverse Alternating Lunge,Strength,"Glutes, Quads","Calves, Core, Hamstrings",,medium,,RESOLVED COLLISION: Direction Reverse replaces the collision with Alternating Lunge
derive,2 Tap Climbers,Double-Tap Mountain Climber,Mountain Climber,Mountain Climber,1,,Midline,Gymnastics,Bodyweight;Floor,,,,,,,,,,,,double-tap,Double-Tap Mountain Climber,Strength,Core,"Hip Flexors, Shoulders",,medium,,mountain-climber accessory; no Mountain Climber base row exists
derive,Spider Plank,Spider Mountain Climber,Mountain Climber,Mountain Climber,1,,Midline,Gymnastics,Bodyweight;Floor,,,,,,,,,,,,spider,Spider Mountain Climber,Strength,"Core, Obliques","Hip Flexors, Shoulders",,high,,"moved from Plank to Mountain Climber: it is a slow climber, and it keeps Plank inside the 6-variant cap"
derive,Bar Muscle-Up,Bar Muscle-Up,Muscle-Up,Muscle-Up,1,yes,Ring/Bar,Gymnastics,Bar,,,,,,,,,,,,,,Skill,"Lats, Triceps, Upper Back","Biceps, Core, Forearms / Grip, Shoulders",,high,,equipment Bar (Rings is the default)
derive,Copenhagen Side Plank,Side Bench Plank,Plank,Plank,1,,Midline,Gymnastics,Bodyweight;Bench,,,,,,,,,,Side,,,Side Bench Plank,Strength,Hip Adductors,"Core, Obliques, Shoulders",,high,,"Support Position Side + Bench (top leg elevated, per description); world name kept"
derive,Dumbbell Plank Pull-Through,Dumbbell Pull-Through Plank,Plank,Plank,1,,Midline,Weightlifting,Dumbbell;Bodyweight,,,,,,,,,,,,pull-through,Dumbbell Pull-Through Plank; Plank Pull Thru,Strength,Core,"Obliques, Shoulders",,high,,plank accessory (DB twin of KB plank pull-through)
derive,High Plank,High Plank,Plank,Plank,1,,Midline,Gymnastics,Bodyweight;Floor,,,,,,,,,,Hand,,,,Strength,Core,Shoulders,,high,,NEW CORE Plank is a NEW ROW (forearm plank); Support Position Hand
derive,Kettlebell Plank Pull Through,Kettlebell Pull-Through Plank,Plank,Plank,1,,Midline,Weightlifting,Kettlebell;Floor,,,,,,,,,,,,pull-through,Kettlebell Pull-Through Plank,Strength,"Core, Obliques","Forearms / Grip, Shoulders, Upper Back",,high,,same label as the DB twin; equipment separates the fingerprints
derive,"Plank Grab, Reach, And Pull",Grab-Reach-Pull Plank,Plank,Plank,1,,Midline,Weightlifting,Bodyweight;Floor,,,,,,,,,,,,grab-reach-pull,Grab-Reach-Pull Plank,Strength,Core,"Chest, Obliques, Shoulders",,high,yes,FLAG possible duplicate of Plank Reach - confirm with user
derive,Plank Jacks,Jack Plank,Plank,Plank,1,,Midline,Gymnastics,Bodyweight;Floor,,,,,,,,,,,,jacks,Jack Plank,MetCon,Core,"Hip Abductors, Shoulders",,high,,plank accessory
derive,Plank Reach,Reach Plank,Plank,Plank,1,,Midline,Gymnastics,Bodyweight;Floor,,,,,,,,,,,,reach,Plank Reaches; Reach Plank,Strength,Core,"Obliques, Shoulders",,high,,plank accessory
derive,Plank Rows,Kettlebell Renegade-Row Plank,Plank,Plank,1,,Support/Hold,Weightlifting,Kettlebell;Floor,,,,,,,,,,,,renegade-row,Kettlebell Renegade-Row Plank,Strength,"Core, Lats","Biceps, Shoulders, Upper Back",,medium,,bare KB+Floor would collide with the KB plank pull-through
derive,Side Plank Raise,Side Plank,Plank,Plank,1,,Midline,Gymnastics,Bodyweight;Floor,,,,,,,,,,Side,,,Side Plank,Strength,Obliques,"Core, Shoulders",,high,,Support Position Side; FLAG possible duplicate of Weighted Side Plank Dip unloaded
derive,Weighted Side Plank Dip,Weighted Side Dumbbell Plank,Plank,Plank,1,,Push/Press,Weightlifting,Dumbbell;Bodyweight,,,,,,,,Weighted,,Side,,,Weighted Side Dumbbell Plank,Strength,Obliques,"Core, Shoulders",,high,,Support Position Side + Weighted
derive,Dumbbell Shoulder Press,Dumbbell Press,Press,Press,1,,Push/Press,Weightlifting,Dumbbell,,,,,,,,,,,,,Dumbbell Press,Strength,"Shoulders, Triceps",,,high,,'Shoulder Press' is common usage; generated would be 'Dumbbell Press'
derive,Kettlebell Push Out,Crush Kettlebell Press,Press,Press,1,,Push/Press,Weightlifting,Kettlebell,,,,,,,,Crush; Crush,,,,,Crush Kettlebell Press,Strength,Chest,"Shoulders, Triceps",,medium,,style Crush
derive,Push Press,Plyo Press,Press,Press,1,yes,Push/Press,Weightlifting,Barbell,,,,,,,,Plyometric,,,,,Barbell Push Press; Plyo Press; S2O; Shoulder-to-Overhead,Strength,"Quads, Shoulders, Triceps","Core, Glutes",,high,,"Press + Plyometric (leg drive), curated name Push Press; Jerk core rejected (zero jerk rows)"
derive,Rotational Offset Press,Kettlebell Press,Press,Press,1,,Push/Press,Weightlifting,Kettlebell,,,,Offset,,,,,,,,,Kettlebell Press,Strength,"Chest, Shoulders","Core, Obliques, Triceps",,low,yes,rotation not expressible; may be outlier
derive,V Sit Shoulder Press,V-Sit Kettlebell Press,Press,Press,1,,Push/Press,Weightlifting,Kettlebell,,V-Sit; V-Sit,,,,,,,,,,,V-Sit Kettlebell Press,Strength,"Core, Shoulders","Hip Flexors, Triceps",,medium,,stance V-Sit - V-sit IS a stance now
derive,Alternating Dumbbell Press,Alternating Dumbbell Press,Press,Dumbbell Shoulder Press,2,,Push/Press,Weightlifting,Dumbbell,,,,Alternating,,,,,,,,,,Strength,Chest,"Shoulders, Triceps",,high,,Dumbbell + Alternating symmetry
derive,Seated Dumbbell Press,Seated Dumbbell Press,Press,Dumbbell Shoulder Press,2,,Push/Press,Weightlifting,Dumbbell,,Seated,,,,,,,,,,,,Strength,"Shoulders, Triceps",,,high,,"bench is incidental support, not identity equipment"
derive,Single Dumbbell Strict Press,Strict Dumbbell Press,Press,Dumbbell Shoulder Press,2,,Push/Press,Weightlifting,Dumbbell,,,,Unilateral,,,,Strict,,,,,Strict Dumbbell Press,Strength,Shoulders,"Core, Triceps",,high,,Unilateral is silent by design; custom name carries the single-bell meaning
derive,Tall Kneeling Offset Press,Kneeling Kettlebell Press,Press,Rotational Offset Press,2,,Push/Press,Weightlifting,Kettlebell,,Kneeling,,Offset,,,,,,,,,Kneeling Kettlebell Press,Strength,"Core, Shoulders","Obliques, Triceps",,medium,,Kneeling stance + Offset symmetry
derive,V-Sit Press Outs,Crush V-Sit Dumbbell Press,Press,Dumbbell Shoulder Press,2,,Push/Press,Weightlifting,Dumbbell,,V-Sit; V-Sit,,,,,,Crush; Crush,,,,,Crush V-Sit Dumbbell Press,Strength,Core,"Hip Flexors, Shoulders",,high,,stance V-Sit + style Crush
derive,Chest-to-Bar,Chest-to-Bar Pull-Up,Pull-Up,Pull-Up,1,yes,Pull,Gymnastics,Bar,,,,,,,,,,,,chest-to-bar,Chest-to-Bar Pull-Up,Skill,"Biceps, Lats, Upper Back",,,high,,RESOLVED COLLISION: variant chest-to-bar replaces the declared collision with the Pull-Up core (beyond-full ROM has no range value)
derive,Neutral-Grip Pull-Up,Neutral-Grip Pull-Up,Pull-Up,Pull-Up,1,,Pull,Gymnastics,Bar,,,,,Neutral,,,,,,,,V-Bar Pullup,Strength,"Biceps, Lats, Upper Back",,,medium,,V-bar = Neutral grip orientation; adopt 'Neutral-Grip Pull-Up'
derive,Weighted Pull-Up,Weighted Pull-Up,Pull-Up,Pull-Up,1,,Pull,Gymnastics,Bar,,,,,,,,Weighted,,,,,,Strength,"Lats, Upper Back","Biceps, Core, Forearms / Grip",,high,,Weighted style
derive,Wide-Grip Pull-Up,Wide-Grip Pull-Up,Pull-Up,Pull-Up,1,,Pull,Gymnastics,Bar,,,,,,Wide,,,,,,,Wide Grip Pull Ups,Strength,"Lats, Upper Back","Biceps, Forearms / Grip",,high,,Wide grip width (dictionary's own example)
derive,Barbell Push-Up,Barbell Push-Up,Push-Up,Push-Up,1,,Push/Press,Gymnastics,Barbell,,,,,,,,,,,,,Bar Push-Up,Strength,"Chest, Triceps","Core, Shoulders",,medium,,hands on barbell; adopt 'Barbell Push-Up'
derive,Close-Grip Push-Up,Close-Grip Push-Up,Push-Up,Push-Up,1,,Push/Press,Weightlifting,Bodyweight;Floor,,,,,,Close,,,,,,,Tricep Push Up,Strength,Triceps,"Chest, Core, Shoulders",,medium,,"CORRECTION 6: un-merged from Crush Push Ups - the diamond push-up is a real Close-grip child, not a duplicate"
derive,Crush Push-Up,Crush Push-Up,Push-Up,Push-Up,1,,Push/Press,Gymnastics,Bodyweight;Floor,,,,,,,,Crush; Crush,,,,,Crush Push Ups,Strength,"Chest, Triceps","Core, Shoulders",,medium,,"CORRECTION 6: a crush push-up is not a diamond push-up; style Crush, Close grip removed"
derive,Kettlebell Horn Push-Up,Kettlebell Push-Up,Push-Up,Push-Up,1,,Push/Press,Gymnastics,Kettlebell;Floor,,,,,,,,,,,,,Kettlebell Push-Up,Strength,"Chest, Triceps","Core, Shoulders",,low,yes,hands on KB horns; curated name; may be outlier
derive,Walkout Push-Up,Walkout Push-Up,Push-Up,Push-Up,1,,Push/Press,Recovery,Bodyweight;Floor,,,,,,,,,,,,walkout,Walkout Push-up,Mobility,"Chest, Triceps","Core, Shoulders",,medium,,inchworm walkout; variant label
derive,Alternating Front Extension,Front Alternating Raise,Raise,Raise,1,,Push/Press,Weightlifting,Dumbbell,,,,Alternating,,,,,Front,,,,Front Alternating Raise,Strength,Triceps,,,low,yes,FLAG still ambiguous (no description): read as an alternating front raise. Confirm with user; if it is a triceps press-out it moves to Press with style Crush
derive,Diagonal Delt Raise,Diagonal Raise,Raise,Raise,1,,Push/Press,Weightlifting,Dumbbell,,,,,,,,,Diagonal,,,,Diagonal Raise,Strength,Shoulders,,,high,,Direction Diagonal (scaption); the Front Raise collision the prior pass feared is now expressible
derive,Front Incline Raise,Front Incline Raise,Raise,Raise,1,,Push/Press,Weightlifting,Dumbbell;Bench,,,,,,,Incline,,Front,,,,,Strength,Shoulders,,,medium,,Direction Front + Incline bench angle; Bench suppressed as implied by bench_angle
derive,Lateral Raise,Lateral Raise,Raise,Raise,1,,Push/Press,Weightlifting,Dumbbell,,,,,,,,,Lateral,,,,Lateral Raises; Side Lateral Raise,Strength,Shoulders,,,high,,CORE RENAMED Front Raise -> Raise; Direction Lateral. Single-row-core objection dissolves
derive,Reverse Machine Fly,Rear Machine Raise,Raise,Raise,1,,Pull,Weightlifting,Machine; Machine,,,,,,,,,Rear,,,,Rear Machine Raise; Reverse Machine Flyes,Strength,"Shoulders, Upper Back",,,high,,Direction Rear + equipment Machine
derive,Single-Arm Cable Front Raise,Front Cable Raise,Raise,Raise,1,,Push/Press,Weightlifting,Cable,,,,Unilateral,,,,,Front,,,,Front Cable Raise,Strength,Shoulders,Chest,,medium,,Direction Front + Cable; Unilateral is silent so the world name is kept
derive,Cable Reverse Crunch,Cable Reverse Crunch,Reverse Crunch,Reverse Crunch,1,,Midline,Weightlifting,Cable,,,,,,,,,,,,,Cable-Resisted Reverse Crunch,Strength,Core,Hip Flexors,,high,,Cable (approved addendum)
derive,GHD Reverse Crunch,GHD Reverse Crunch,Reverse Crunch,Reverse Crunch,1,,Midline,Gymnastics,GHD,,,,,,,,,,,,,,Strength,Core,Hip Flexors,,high,,GHD equipment (approved addition)
derive,Incline Reverse Crunch,Incline Reverse Crunch,Reverse Crunch,Reverse Crunch,1,,Midline,Gymnastics,Bench;Bodyweight,,,,,,,Incline,,,,,,,Strength,Core,Hip Flexors,,high,,Bench Angle addendum
derive,Pull-to-Stand,Assisted Supine Floor Rope Climb,Rope Climb,Rope Climb,1,yes,Climb,Gymnastics,Rope;Floor,,Supine,,,,,,Assisted,,,,,Assisted Supine Floor Rope Climb; Assisted Vertical Pull; Rope Pull-to-Stand; Rope Seated Pull; Towel Pull-to-Stand,Strength,"Biceps, Forearms / Grip, Lats","Core, Shoulders, Upper Back",,medium,,"LEGACY Supine/Prone RECLASSIFIED -> Supine (seated/lying start, pulling to stand); family Pull -> Climb"
derive,Treadmill Run,Treadmill Run,Run,Run,1,,Run,Monostructural,Treadmill,,,,,,,,,,,,,Indoor Run; TM Run; Treadmill Running,MetCon,"Calves, Full Body, Quads",,,high,,Treadmill equipment
derive,Weighted Russian Twist,Weighted Dumbbell Russian Twist,Russian Twist,Russian Twist,1,,Midline,Weightlifting,Dumbbell,,,,,,,,Weighted,,,,,Weighted Dumbbell Russian Twist,Strength,Obliques,"Core, Hip Flexors",,high,,Weighted style - the row the revoked threshold killed
derive,Butterfly Sit-Up,Butterfly Sit-Up,Sit-Up,Sit-Up,1,,Midline,Gymnastics,Bodyweight;Floor,,,,,,,,Butterfly,,,,,,Strength,Core,Hip Flexors,,medium,,Butterfly style value or curated name
derive,Sit-Up Punch,Med Ball Sit-Up,Sit-Up,Sit-Up,1,,Midline,Gymnastics,Med Ball;Floor,,,,,,,,,,,,,Med Ball Sit-Up,Strength,Core,"Shoulders, Triceps",,low,yes,med-ball sit-up + punch; curated; may be outlier
derive,Weighted Sit-Up,Weighted Dumbbell Sit-Up,Sit-Up,Sit-Up,1,,Midline,Gymnastics,Dumbbell;Floor,,,,,,,,Weighted,,,,,Weighted Dumbbell Sit-Up,Strength,Core,Hip Flexors,,high,,generated would append the incidental implement (Dumbbell); plain 'Weighted Sit-Up' kept
derive,Kettlebell Hang Snatch,Kettlebell Hang Snatch,Snatch,Snatch,1,,Olympic,Weightlifting,Kettlebell,Hang,,,,,,,,,,,,,Strength,"Glutes, Shoulders","Core, Forearms / Grip, Hamstrings, Upper Back",,high,,Kettlebell + Hang
derive,Power Snatch,Partial Snatch,Snatch,Snatch,1,yes,Olympic,Weightlifting,Barbell,,,Partial,,,,,,,,,,Partial Snatch,Strength,Full Body,"Core, Forearms / Grip, Glutes, Hamstrings, Quads, Shoulders, Upper Back",,high,,power receiving depth (Partial)
derive,Back Squat,Back Squat,Squat,Squat,1,yes,Squat,Gymnastics,Barbell,Back,,,,,,,,,,,,Barbell Back Squat; Barbell Squat,Strength,"Glutes, Hamstrings, Quads","Core, Lower Back, Upper Back",,high,,Back load implies Barbell (suppressed); adopting generated name fixes the trailing space
derive,Cossack Squat,Lateral Squat,Squat,Squat,1,,Squat,Recovery,Bodyweight,,,,,,,,,Lateral,,,,Cossack Squats; Lateral Squat,"Strength, Mobility","Hip Adductors, Quads","Glutes, Hamstrings",,medium,,retagged Mobility -> Squat; Direction Lateral
derive,Dumbbell Goblet Squat,Dumbbell Goblet Squat,Squat,Squat,1,,Squat,Gymnastics,Dumbbell,Goblet,,,,,,,,,,,,,Strength,"Glutes, Quads","Core, Hamstrings",,high,,Goblet load + Dumbbell
derive,Front Squat,Front Squat,Squat,Squat,1,yes,Squat,Gymnastics,Barbell,Front,,,,,,,,,,,,,Strength,"Glutes, Hamstrings, Quads",,,high,,Front load position
derive,Hack Squat,Machine Squat,Squat,Squat,1,,Squat,Weightlifting,Machine; Machine,,,,,,,,,,,,,Hack; Machine Squat,Strength,"Glutes, Hamstrings, Quads","Core, Lower Back",,medium,,equipment Machine; trailing space trimmed; the wrong Back+ATG seed drops
derive,Kettlebell Goblet Squat,Kettlebell Goblet Squat,Squat,Squat,1,,Squat,Gymnastics,Kettlebell,Goblet,,,,,,,,,,,,,Strength,"Glutes, Quads","Calves, Core, Hamstrings",,high,,Goblet + Kettlebell
derive,Overhead Squat,Overhead Squat,Squat,Squat,1,yes,Squat,Gymnastics,Barbell,Overhead,,,,,,,,,,,,,Strength,"Glutes, Hamstrings, Quads",,,high,,Overhead load position
derive,Spanish Squat Hold,Bands Squat,Squat,Squat,1,,Squat,Recovery,Bands,,,,,,,,,,,,,Banded Spanish Squat Hold; Bands Squat; Knee-Friendly Squat Hold; Spanish Squat,"Strength, Recovery",Quads,,,high,,band-resisted squat; isometric is a modifier per the dictionary; Floor dropped as incidental
derive,Zercher Pin Squat,Lockout Zercher Squat,Squat,Squat,1,,Squat,Gymnastics,Barbell,Zercher,,Lockout Only,,,,,,,,,,Lockout Zercher Squat,Strength,"Glutes, Quads","Core, Upper Back",,medium,,pin = Lockout range; 'Pin Squat' is the world's name
derive,Wide-Stance Back Squat,Wide-Stance Back Squat,Squat,Back Squat,2,,Squat,Gymnastics,Barbell,Back,Wide (Sumo),,,,,,,,,,,Wide Stance Squat,Strength,"Glutes, Hip Adductors, Quads",,,medium,,import; assumed barbell back-rack wide squat
derive,Alternating Kickstand Swing,Staggered Alternating Swing,Swing,Swing,1,,Swing,Weightlifting,Kettlebell,,Staggered,,Alternating,,,,,,,,,Staggered Alternating Swing,MetCon,"Glutes, Hamstrings","Core, Forearms / Grip, Lower Back",,medium,,Staggered stance + Alternating
derive,Split Squat Kettlebell Swing,Split Swing,Swing,Swing,1,,Swing,Weightlifting,Kettlebell,,Split,,,,,,,,,,,Split Swing,Strength,"Glutes, Hamstrings, Quads","Core, Forearms / Grip",,medium,,Split stance swing
derive,Cable Rope Overhead Triceps Extension,Overhead Cable Triceps Extension,Triceps Extension,Triceps Extension,1,,Push/Press,Weightlifting,Cable,,,,,,,,,,,Overhead,,Overhead Cable Rope Tricep Extensions; Overhead Cable Triceps Extension,Strength,Triceps,,,high,,Arm Position Overhead
derive,Dumbbell Triceps Kickback,Behind-Body Dumbbell Triceps Extension,Triceps Extension,Triceps Extension,1,,Push/Press,Weightlifting,Dumbbell,,,,Unilateral,,,,,,,Behind-Body,,Behind-Body Dumbbell Triceps Extension; Single-Arm Kickback Variations; Tricep Dumbbell Kickback,Strength,Triceps,,,medium,,Arm Position Behind-Body
derive,EZ Bar Skullcrusher,Supine Barbell Bench Triceps Extension,Triceps Extension,Triceps Extension,1,,Push/Press,Weightlifting,Barbell;Bench,,Supine,,,,,,,,,,,Supine Barbell Bench Triceps Extension,Strength,Triceps,,,high,,Supine + Barbell;Bench; EZ bar shape not expressible but no collision results; world name kept
derive,Overhead Extension,Overhead Dumbbell Triceps Extension,Triceps Extension,Triceps Extension,1,,Push/Press,Weightlifting,Dumbbell,,,,,,,,,,,Overhead,,Overhead Dumbbell Triceps Extension,Strength,Triceps,,,medium,,Arm Position Overhead
derive,Single-Arm 45° Triceps Extension,Triceps Extension,Triceps Extension,Triceps Extension,1,,Push/Press,Weightlifting,Bodyweight,,,,Unilateral,,,,,,,,,Triceps Extension,Strength,Triceps,Shoulders,,medium,,"POLICY(a) curated-name child: Bodyweight and Unilateral are both silent, so it generates the bare core noun; DECLARED generated-name collision with the core Triceps Extension"
derive,Single-Arm Cable Triceps Kickback,Behind-Body Cable Triceps Extension,Triceps Extension,Triceps Extension,1,,Push/Press,Weightlifting,Cable,,,,Unilateral,,,,,,,Behind-Body,,Behind-Body Cable Triceps Extension; Single Arm Cable Tricep Kickback,Strength,Triceps,,,medium,,Arm Position Behind-Body
derive,Skull Crusher,Supine Bench Dumbbell Triceps Extension,Triceps Extension,Triceps Extension,1,,Push/Press,Weightlifting,Dumbbell;Bench,,Supine,,,,,,,,,,,Supine Bench Dumbbell Triceps Extension,Strength,Triceps,,,high,,Supine stance + Bench; 'Skull Crusher' is the world's name
derive,Reverse Grip Pushdown,Underhand Triceps Pushdown,Triceps Pushdown,Triceps Pushdown,1,,Push/Press,Weightlifting,Cable,,,,,Supinated,,,,,,,,Underhand Triceps Pushdown,Strength,Triceps,,,high,,Supinated grip orientation; world name kept
derive,Weighted Single Side V-Ups,Weighted Dumbbell V-Up,V-Up,V-Up,1,,Midline,Weightlifting,Dumbbell;Bodyweight,,,,Unilateral,,,,Weighted,,,,,Weighted Dumbbell V-Up,Strength,"Core, Obliques",Hip Flexors,,medium,,v-up accessory variant; too specific to derive
outlier,90/90s,,outlier,,,,Mobility,Recovery,Floor,,,,,,,,,,,,,,Mobility,"Glutes, Hip Flexors","Hip Abductors, Hip Adductors",,high,,recovery/mobility
outlier,Ab Rollout,,outlier,,,,Midline,Weightlifting,Bodyweight,,,,,,,,,,,,,,Strength,Core,"Lats, Shoulders",,high,,midline accessory
outlier,"Air Squat, Reverse Lunge, And Burpee Complex",,outlier,,,,Squat,Gymnastics,Bodyweight,,,,,,,,,,,,,,MetCon,Full Body,"Chest, Core, Glutes, Quads",,high,,ad-hoc complex
outlier,Alternating Cossack Squat To Halo,,outlier,,,,Squat,Weightlifting,Kettlebell,,,,,,,,,,,,,,Strength,"Hip Adductors, Quads, Shoulders","Core, Glutes, Obliques",,high,,ad-hoc combo
outlier,Band Lateral Walk,,outlier,,,yes,Activation,Recovery,Bands;Floor,,,,,,,,,,,,,Banded Side Walk; Lateral Band Walk; Monster Walk (Lateral),Mobility,"Glutes, Hip Abductors","Core, Hip Flexors, Quads",,high,,activation station; un-parent from Lunge (misfile); current Offset/Athletic/Partial seed values drop
outlier,Barbell Shrug,,outlier,,,,Pull,Weightlifting,Barbell,,,,,,,,,,,,,,Strength,"Forearms / Grip, Neck / Traps, Upper Back",,,high,,"trap isolation; Shrug core REJECTED - it is the only shrug row in the catalog, no sibling to derive"
outlier,Body Waves,,outlier,,,,Mobility,Recovery,Bodyweight,,,,,,,,,,,,,,Mobility,"Core, Lower Back","Hip Flexors, Shoulders",,high,,recovery/mobility
outlier,Bound Ups,,outlier,,,,Mobility,Recovery,Bodyweight,,,,,,,,,,,,,,Mobility,"Calves, Quads","Glutes, Hamstrings",,high,,recovery/mobility
outlier,Cable Zercher Pull Through,,outlier,,,,Hinge,Weightlifting,Cable,,,,,,,,,,,,,,Strength,Glutes,"Core, Hamstrings",,medium,,cable pull-through; hinge accessory
outlier,Child's Pose Flow,,outlier,,,,Stretching,Recovery,Floor,,,,,,,,,,,,,,Mobility,"Shoulders, Upper Back","Hip Flexors, Lats",,high,,recovery/mobility
outlier,Cool-Down Walk,,outlier,,,yes,Run,Recovery,Bodyweight,,,,,,,,,,,,,,Recovery,Full Body,,,high,,recovery station; goal Cool-Down folds into Recovery per dictionary
outlier,D Ball Over Shoulder,,outlier,,,,Throw,Weightlifting,Sandbag,,,,,,,,,,,,,,Strength,"Full Body, Glutes, Hamstrings, Upper Back","Core, Forearms / Grip, Shoulders",,medium,,"odd-object over-shoulder; single row, no core"
outlier,Dumbbell Hold,,outlier,,,,Carry,Weightlifting,Dumbbell,,,,,,,,,,,,,,Strength,Biceps,Forearms / Grip,,medium,,static grip hold; Carry-adjacent but not a carry
outlier,Face Pull,,outlier,,,,Pull,Weightlifting,Cable,,,,,,,,,,,,,,Strength,Upper Back,"Neck / Traps, Shoulders",,high,,Cable addendum applied
outlier,Foam Roll,,outlier,,,yes,Foam Rolling,Recovery,Foam Roller,,,,,,,,,,,,,,Recovery,Full Body,,,high,,recovery station; stays in Movements tab (Today blocks depend on it)
outlier,Golf Swings,,outlier,,,,Mobility,Recovery,Bodyweight,,,,,,,,,,,,,,Mobility,"Obliques, Shoulders","Core, Hip Flexors",,high,,recovery rotation; not a Swing derivation
outlier,Horn Curl + Press Out,,outlier,,,,Pull,Weightlifting,Kettlebell,,,,,,,,,,,,,,Strength,"Biceps, Chest","Forearms / Grip, Shoulders, Triceps",,high,,ad-hoc combo
outlier,Horse Stance,,outlier,,,,Mobility,Recovery,Bodyweight,,,,,,,,,,,,,,Mobility,"Hip Adductors, Quads","Core, Glutes",,high,,recovery/mobility
outlier,Hyperextensions,,outlier,,,,Hinge,Weightlifting,GHD,,,,,,,,,,,,,,Strength,"Glutes, Hamstrings, Lower Back",,,medium,,back/hip extension accessory; GHD assumed
outlier,Iron Tridents,,outlier,,,,Midline,Weightlifting,Kettlebell;Floor,,,,,,,,,,,,,,Strength,"Core, Shoulders","Hip Flexors, Triceps",,medium,,KB combo flow
outlier,Kettlebell Deadlift High Pull,,outlier,,,,Hinge,Weightlifting,Kettlebell,,,,,,,,,,,,,,MetCon,"Glutes, Shoulders, Upper Back","Core, Forearms / Grip, Hamstrings, Neck / Traps",,medium,,SDHP-adjacent compound; kept outlier per Gate A; promote a core later if programmed
outlier,Kettlebell Gravedigger,,outlier,,,,Midline,Weightlifting,Kettlebell,,,,,,,,,,,,,,Strength,"Glutes, Hamstrings, Shoulders","Core, Lats, Triceps",,medium,,KB combo flow
outlier,Kettlebell Sprawl Row,,outlier,,,,Pull,Weightlifting,Kettlebell;Floor,,,,,,,,,,,,,,MetCon,"Full Body, Upper Back","Chest, Core, Forearms / Grip, Glutes, Quads, Shoulders",,medium,,burpee+row combo
outlier,Kettlebell Swing With Squat Swing Combo,,outlier,,,,Squat,Weightlifting,Kettlebell,,,,,,,,,,,,,,Strength,"Glutes, Hamstrings, Quads","Core, Lower Back, Shoulders",,high,,ad-hoc combo
outlier,Knee To Elbow,,outlier,,,,Midline,Gymnastics,Bodyweight,,,,,,,,,,,,,,Strength,"Core, Obliques","Hip Flexors, Shoulders",,low,yes,ambiguous row (no description): standing crunch vs hanging knees-to-elbows; needs user confirmation
outlier,Leg Extension,,outlier,,,,Squat,Weightlifting,Machine; Machine,,,,,,,,,,,,,Leg Extensions,Strength,Quads,,,high,,"dup winner; stays an outlier - one distinct row, no sibling to derive; equipment Machine applied"
outlier,Lunge Rotation,,outlier,,,,Mobility,Recovery,Bodyweight,,,,,,,,,,,,,,Mobility,"Obliques, Quads","Core, Glutes, Hamstrings",,high,,recovery/mobility
outlier,Lunge With Reach,,outlier,,,,Mobility,Recovery,Bodyweight,,,,,,,,,,,,,,Mobility,"Hip Flexors, Quads","Glutes, Shoulders",,high,,recovery/mobility
outlier,Mobility Work,,outlier,,,yes,Mobility,Recovery,Bodyweight,,,,,,,,,,,,,,Recovery,Full Body,,,high,,recovery station
outlier,Offset Reverse Lunge With Shoulder Press,,outlier,,,,Push/Press,Weightlifting,Kettlebell,,,,,,,,,,,,,,Strength,"Glutes, Quads, Shoulders","Core, Hamstrings, Triceps",,high,,ad-hoc combo
outlier,Overhand Grip Curl To Press,,outlier,,,,Pull,Weightlifting,Dumbbell,,,,,,,,,,,,,,Strength,"Biceps, Shoulders","Forearms / Grip, Triceps",,high,,ad-hoc combo
outlier,Pigeon Stance Hip Stretch,,outlier,,,,Stretching,Recovery,Floor,,,,,,,,,,,,,,Stretching,"Glutes, Hip Flexors",Hip Abductors,,high,,stretching
outlier,Pike Rotation,,outlier,,,,Mobility,Recovery,Floor,,,,,,,,,,,,,,Mobility,"Core, Shoulders","Hamstrings, Obliques",,high,,recovery/mobility
outlier,Pike Walk,,outlier,,,,Inversion,Gymnastics,Bodyweight,,,,,,,,,,,,,,Skill,"Core, Hamstrings, Shoulders",Upper Back,,medium,,"progression toward handstand walk; scaling link, not derivation"
outlier,Plate-Loaded Standing Hip Abduction,,outlier,,,,Hinge,Weightlifting,Plate,,,,,,,,,,,,,,Strength,"Glutes, Hip Abductors",Quads,,high,,activation
outlier,Pullover With Knee Tucks,,outlier,,,,Pull,Weightlifting,Kettlebell,,,,,,,,,,,,,,Strength,"Core, Hip Flexors, Lats","Chest, Shoulders, Triceps",,high,,ad-hoc combo
outlier,Reverse Tabletop Single-Arm Press With Opposing Leg Extension,,outlier,,,,Push/Press,Weightlifting,Kettlebell;Floor,,,,,,,,,,,,,,Strength,"Glutes, Shoulders, Triceps","Chest, Core, Hamstrings",,high,,ad-hoc combo
outlier,Russian Slams,,outlier,,,,Throw,Weightlifting,Med Ball,,,,,,,,,,,,,,Strength,"Core, Obliques","Shoulders, Triceps",,high,,"med-ball slam; single row, no Slam core"
outlier,Single-Arm Devil Press,,outlier,,,,Plyometric,Weightlifting,Dumbbell,,,,,,,,,,,,,,MetCon,Full Body,"Core, Glutes, Quads, Shoulders, Triceps",,medium,,burpee+snatch compound; kept outlier per approved compound rule (borderline flagged at Gate A)
outlier,Single-Arm Powerbomb,,outlier,,,,Push/Press,Weightlifting,Bodyweight,,,,,,,,,,,,,,Strength,Triceps,,,low,yes,"AMBIGUOUS dialect name, no description; triceps-tagged bodyweight row; left OUTLIER pending user confirmation"
outlier,Single-Arm Upright Row,,outlier,,,,Pull,Weightlifting,Kettlebell,,,,,,,,,,,,,,Strength,Shoulders,"Biceps, Forearms / Grip, Neck / Traps",,medium,,upright-row pattern; too few rows for a core
outlier,Single-Leg Dumbbell Stiff-Leg Hip Opener,,outlier,,,,Stretching,Recovery,Dumbbell,,,,,,,,,,,,,,Mobility,"Glutes, Hamstrings","Core, Hip Abductors",,high,,mobility
outlier,Single-Leg Punch,,outlier,,,,Mobility,Recovery,Bodyweight,,,,,,,,,,,,,,Mobility,"Core, Glutes","Calves, Obliques, Shoulders",,high,,recovery/mobility
outlier,Sissy Squat,,outlier,,,,Squat,Weightlifting,Bodyweight,,,,,,,,,,,,,,Strength,Quads,,,medium,,"quad accessory, not a squat-pattern derivation"
outlier,Squat Crunch,,outlier,,,,Mobility,Recovery,Bodyweight,,,,,,,,,,,,,,Mobility,"Core, Quads","Glutes, Hip Flexors, Obliques",,high,,recovery/mobility
outlier,Stretch,,outlier,,,yes,Stretching,Recovery,Bodyweight,,,,,,,,,,,,,,Recovery,Full Body,,,high,,recovery station
outlier,Sumo RDL To Lateral Lunge Clean,,outlier,,,,Lunge,Weightlifting,Kettlebell,,,,,,,,,,,,,,Strength,"Glutes, Hamstrings, Quads","Core, Hip Abductors, Hip Adductors, Shoulders",,high,,ad-hoc combo
outlier,Tibialis Wall Raises,,outlier,,,,Activation,Recovery,Wall;Floor,,,,,,,,,,,,,Tibialis Anterior Raises; Tibialis Raises; Wall Tib Raises,Recovery,Calves,,,high,,un-parent from Lunge (misfile); activation
outlier,Toe-Driver,,outlier,,,,Midline,Gymnastics,Bodyweight;Floor,,,,,,,,,,,,,,MetCon,Core,Hip Flexors,,high,,midline accessory
outlier,Trunk Twists,,outlier,,,,Mobility,Recovery,Bodyweight,,,,,,,,,,,,,,Mobility,"Core, Obliques",Lower Back,,high,,recovery/mobility
outlier,Wall Walk,,outlier,,,yes,Inversion,Gymnastics,Bodyweight;Wall;Floor,,,,,,,,,,,,,,Skill,"Core, Shoulders","Chest, Triceps",,medium,,"first-class sport movement (Open); outlier by attributes, scaling link to Handstand Walk"
outlier,Windmill,,outlier,,,,Mobility,Recovery,Bodyweight,,,,,,,,,,,,,,Mobility,"Obliques, Shoulders","Core, Glutes, Hamstrings",,high,,recovery/mobility
outlier,Windshield Wipers,,outlier,,,,Mobility,Recovery,Floor,,,,,,,,,,,,,,Mobility,"Core, Obliques","Hip Flexors, Lower Back",,high,,recovery/mobility
outlier,Yoga Squat To Reach,,outlier,,,,Mobility,Recovery,Bodyweight,,,,,,,,,,,,,,Mobility,"Quads, Shoulders","Glutes, Upper Back",,high,,recovery/mobility
